POD,CDU,Week,Date,Parameter,Measured Data,Comment,,,Parameter,Lower Limit,Upper Limit
POD #3,CDU-02,WK 4 2026,22/01/2026,PH,8.73,,,,,,
POD #3,CDU-02,WK 4 2026,22/01/2026,ATP Bacteria,0,,,,,,
POD #3,CDU-02,WK 4 2026,22/01/2026,Conductivity,601,,,,,,
POD #3,CDU-02,WK 4 2026,22/01/2026,Turbidity,3,,,,,,
POD #3,CDU-02,WK 4 2026,22/01/2026,TDS,404,,,,,,
POD #3,CDU-02,WK 4 2026,22/01/2026,Total Suspended Solids,0,,,,,,
POD #3,CDU-01,WK 4 2026,22/01/2026,PH,8.72,,,,,,
POD #3,CDU-01,WK 4 2026,22/01/2026,ATP Bacteria,0,,,,,,
POD #3,CDU-01,WK 4 2026,22/01/2026,Conductivity,620,,,,,,
POD #3,CDU-01,WK 4 2026,22/01/2026,Turbidity,0,,,,,,
POD #3,CDU-01,WK 4 2026,22/01/2026,TDS,416,,,,,,
POD #3,CDU-01,WK 4 2026,22/01/2026,Total Suspended Solids,0,,,,,,
POD #3,CDU-02,WK 5 2026,29/01/2026,PH,8.67,,,,,,
POD #3,CDU-02,WK 5 2026,29/01/2026,ATP Bacteria,0,,,,,,
POD #3,CDU-02,WK 5 2026,29/01/2026,Conductivity,607,,,,,,
POD #3,CDU-02,WK 5 2026,29/01/2026,Turbidity,2,,,,,,
POD #3,CDU-02,WK 5 2026,29/01/2026,TDS,409,,,,,,
POD #3,CDU-02,WK 5 2026,29/01/2026,Total Suspended Solids,0,,,,,,
POD #3,CDU-01,WK 5 2026,29/01/2026,PH,8.7,,,,,,
POD #3,CDU-01,WK 5 2026,29/01/2026,ATP Bacteria,4,,,,,,
POD #3,CDU-01,WK 5 2026,29/01/2026,Conductivity,609,,,,,,
POD #3,CDU-01,WK 5 2026,29/01/2026,Turbidity,0,,,,,,
POD #3,CDU-01,WK 5 2026,29/01/2026,TDS,412,,,,,,
POD #3,CDU-01,WK 5 2026,29/01/2026,Total Suspended Solids,0,,,,,,
POD #3,CDU-02,WK 14 2026,02/04/2026,PH,8.69,,,,,,
POD #3,CDU-02,WK 14 2026,02/04/2026,ATP Bacteria,681,Biocide added 178ml,,,,,
POD #3,CDU-02,WK 14 2026,02/04/2026,Conductivity,606,,,,,,
POD #3,CDU-02,WK 14 2026,02/04/2026,Turbidity,1,,,,,,
POD #3,CDU-02,WK 14 2026,02/04/2026,TDS,408,,,,,,
POD #3,CDU-02,WK 14 2026,02/04/2026,Total Suspended Solids,0,,,,,,
POD #3,CDU-01,WK 14 2026,02/04/2026,PH,8.68,,,,,,
POD #3,CDU-01,WK 14 2026,02/04/2026,ATP Bacteria,1054,Biocide added 178ml,,,,,
POD #3,CDU-01,WK 14 2026,02/04/2026,Conductivity,596,,,,,,
POD #3,CDU-01,WK 14 2026,02/04/2026,Turbidity,0,,,,,,
POD #3,CDU-01,WK 14 2026,02/04/2026,TDS,406,,,,,,
POD #3,CDU-01,WK 14 2026,02/04/2026,Total Suspended Solids,0,,,,,,
POD #3,CDU-02,WK 40 2026,02/10/2026,PH,8.56,,,,,,
POD #3,CDU-02,WK 40 2026,02/10/2026,ATP Bacteria,120,,,,,,
POD #3,CDU-02,WK 40 2026,02/10/2026,Conductivity,639.7,,,,,,
POD #3,CDU-02,WK 40 2026,02/10/2026,Turbidity,0,,,,,,
POD #3,CDU-02,WK 40 2026,02/10/2026,TDS,432.5,,,,,,
POD #3,CDU-02,WK 40 2026,02/10/2026,Total Suspended Solids,0,,,,,,
POD #3,CDU-01,WK 40 2026,02/10/2026,PH,8.68,,,,,,
POD #3,CDU-01,WK 40 2026,02/10/2026,ATP Bacteria,296,,,,,,
POD #3,CDU-01,WK 40 2026,02/10/2026,Conductivity,619.8,,,,,,
POD #3,CDU-01,WK 40 2026,02/10/2026,Turbidity,0,,,,,,
POD #3,CDU-01,WK 40 2026,02/10/2026,TDS,420.7,,,,,,
POD #3,CDU-01,WK 40 2026,02/10/2026,Total Suspended Solids,0,,,,,,
POD #3,CDU-03,WK 40 2026,02/10/2026,PH,8.65,,,,,,
POD #3,CDU-03,WK 40 2026,02/10/2026,ATP Bacteria,491,"Facilities added only 1ml per gallon of biocide in the release of the CDU, the rest of the biocide added (105ml) on Feb-12",,,,,
POD #3,CDU-03,WK 40 2026,02/10/2026,Conductivity,627.8,,,,,,
POD #3,CDU-03,WK 40 2026,02/10/2026,Turbidity,0,,,,,,
POD #3,CDU-03,WK 40 2026,02/10/2026,TDS,418.8,,,,,,
POD #3,CDU-03,WK 40 2026,02/10/2026,Total Suspended Solids,0,,,,,,
POD #3,CDU-01,WK 8 2026,17/2/2026,PH,8.67,,,,,,
POD #3,CDU-01,WK 8 2026,17/2/2026,ATP Bacteria,111,,,,,,
POD #3,CDU-01,WK 8 2026,17/2/2026,Conductivity,628,,,,,,
POD #3,CDU-01,WK 8 2026,17/2/2026,Turbidity,0,,,,,,
POD #3,CDU-01,WK 8 2026,17/2/2026,TDS,428,,,,,,
POD #3,CDU-01,WK 8 2026,17/2/2026,Total Suspended Solids,0,,,,,,
POD #3,CDU-02,WK 8 2026,17/2/2026,PH,8.7,,,,,,
POD #3,CDU-02,WK 8 2026,17/2/2026,ATP Bacteria,168,,,,,,
POD #3,CDU-02,WK 8 2026,17/2/2026,Conductivity,644,,,,,,
POD #3,CDU-02,WK 8 2026,17/2/2026,Turbidity,5,,,,,,
POD #3,CDU-02,WK 8 2026,17/2/2026,TDS,438,,,,,,
POD #3,CDU-02,WK 8 2026,17/2/2026,Total Suspended Solids,0,,,,,,
POD #3,CDU-03,WK 8 2026,17/2/2026,PH,8.75,,,,,,
POD #3,CDU-03,WK 8 2026,17/2/2026,ATP Bacteria,54,,,,,,
POD #3,CDU-03,WK 8 2026,17/2/2026,Conductivity,631,,,,,,
POD #3,CDU-03,WK 8 2026,17/2/2026,Turbidity,0,,,,,,
POD #3,CDU-03,WK 8 2026,17/2/2026,TDS,429,,,,,,
POD #3,CDU-03,WK 8 2026,17/2/2026,Total Suspended Solids,0,,,,,,
POD #3,CDU-04,WK 8 2026,17/2/2026,PH,8.76,,,,,,
POD #3,CDU-04,WK 8 2026,17/2/2026,ATP Bacteria,4,,,,,,
POD #3,CDU-04,WK 8 2026,17/2/2026,Conductivity,646,,,,,,
POD #3,CDU-04,WK 8 2026,17/2/2026,Turbidity,0,,,,,,
POD #3,CDU-04,WK 8 2026,17/2/2026,TDS,440,,,,,,
POD #3,CDU-04,WK 8 2026,17/2/2026,Total Suspended Solids,0,,,,,,
POD #3,CDU-01,WK 9 2026,25/2/2026,PH,8.58,,,,,,
POD #3,CDU-01,WK 9 2026,25/2/2026,ATP Bacteria,283,,,,,,
POD #3,CDU-01,WK 9 2026,25/2/2026,Conductivity,632,,,,,,
POD #3,CDU-01,WK 9 2026,25/2/2026,Turbidity,0,,,,,,
POD #3,CDU-01,WK 9 2026,25/2/2026,TDS,432,,,,,,
POD #3,CDU-01,WK 9 2026,25/2/2026,Total Suspended Solids,0,,,,,,
POD #3,CDU-02,WK 9 2026,25/2/2026,PH,8.6,,,,,,
POD #3,CDU-02,WK 9 2026,25/2/2026,ATP Bacteria,251,,,,,,
POD #3,CDU-02,WK 9 2026,25/2/2026,Conductivity,648,,,,,,
POD #3,CDU-02,WK 9 2026,25/2/2026,Turbidity,0,,,,,,
POD #3,CDU-02,WK 9 2026,25/2/2026,TDS,440,,,,,,
POD #3,CDU-02,WK 9 2026,25/2/2026,Total Suspended Solids,0,,,,,,
POD #3,CDU-03,WK 9 2026,25/2/2026,PH,8.65,,,,,,
POD #3,CDU-03,WK 9 2026,25/2/2026,ATP Bacteria,706,Added 178ml of biocide 25-Feb-26,,,,,
POD #3,CDU-03,WK 9 2026,25/2/2026,Conductivity,590,,,,,,
POD #3,CDU-03,WK 9 2026,25/2/2026,Turbidity,0,,,,,,
POD #3,CDU-03,WK 9 2026,25/2/2026,TDS,401,,,,,,
POD #3,CDU-03,WK 9 2026,25/2/2026,Total Suspended Solids,0,,,,,,
POD #3,CDU-04,WK 9 2026,25/2/2026,PH,8.67,,,,,,
POD #3,CDU-04,WK 9 2026,25/2/2026,ATP Bacteria,0,,,,,,
POD #3,CDU-04,WK 9 2026,25/2/2026,Conductivity,647,,,,,,
POD #3,CDU-04,WK 9 2026,25/2/2026,Turbidity,0,,,,,,
POD #3,CDU-04,WK 9 2026,25/2/2026,TDS,440,,,,,,
POD #3,CDU-04,WK 9 2026,25/2/2026,Total Suspended Solids,0,,,,,,
POD #3,CDU-05,WK 9 2026,25/2/2026,PH,8.69,,,,,,
POD #3,CDU-05,WK 9 2026,25/2/2026,ATP Bacteria,0,,,,,,
POD #3,CDU-05,WK 9 2026,25/2/2026,Conductivity,667,,,,,,
POD #3,CDU-05,WK 9 2026,25/2/2026,Turbidity,0,,,,,,
POD #3,CDU-05,WK 9 2026,25/2/2026,TDS,453,,,,,,
POD #3,CDU-05,WK 9 2026,25/2/2026,Total Suspended Solids,0,,,,,,
POD #3,CDU-01,WK 10 2026,03/03/2026,PH,8.71,,,,,,
POD #3,CDU-01,WK 10 2026,03/03/2026,ATP Bacteria,240,,,,,,
POD #3,CDU-01,WK 10 2026,03/03/2026,Conductivity,638,,,,,,
POD #3,CDU-01,WK 10 2026,03/03/2026,Turbidity,0,,,,,,
POD #3,CDU-01,WK 10 2026,03/03/2026,TDS,435,,,,,,
POD #3,CDU-01,WK 10 2026,03/03/2026,Total Suspended Solids,0,,,,,,
POD #3,CDU-02,WK 10 2026,03/03/2026,PH,8.79,,,,,,
POD #3,CDU-02,WK 10 2026,03/03/2026,ATP Bacteria,548,,,,,,
POD #3,CDU-02,WK 10 2026,03/03/2026,Conductivity,645,,,,,,
POD #3,CDU-02,WK 10 2026,03/03/2026,Turbidity,0,,,,,,
POD #3,CDU-02,WK 10 2026,03/03/2026,TDS,439,,,,,,
POD #3,CDU-02,WK 10 2026,03/03/2026,Total Suspended Solids,0,,,,,,
POD #3,CDU-03,WK 10 2026,03/03/2026,PH,8.77,,,,,,
POD #3,CDU-03,WK 10 2026,03/03/2026,ATP Bacteria,345,,,,,,
POD #3,CDU-03,WK 10 2026,03/03/2026,Conductivity,621,,,,,,
POD #3,CDU-03,WK 10 2026,03/03/2026,Turbidity,0,,,,,,
POD #3,CDU-03,WK 10 2026,03/03/2026,TDS,422,,,,,,
POD #3,CDU-03,WK 10 2026,03/03/2026,Total Suspended Solids,0,,,,,,
POD #3,CDU-04,WK 10 2026,03/03/2026,PH,8.84,,,,,,
POD #3,CDU-04,WK 10 2026,03/03/2026,ATP Bacteria,19,,,,,,
POD #3,CDU-04,WK 10 2026,03/03/2026,Conductivity,650,,,,,,
POD #3,CDU-04,WK 10 2026,03/03/2026,Turbidity,0,,,,,,
POD #3,CDU-04,WK 10 2026,03/03/2026,TDS,442,,,,,,
POD #3,CDU-04,WK 10 2026,03/03/2026,Total Suspended Solids,0,,,,,,
POD #3,CDU-05,WK 10 2026,03/03/2026,PH,8.81,,,,,,
POD #3,CDU-05,WK 10 2026,03/03/2026,ATP Bacteria,0,,,,,,
POD #3,CDU-05,WK 10 2026,03/03/2026,Conductivity,670,,,,,,
POD #3,CDU-05,WK 10 2026,03/03/2026,Turbidity,0,,,,,,
POD #3,CDU-05,WK 10 2026,03/03/2026,TDS,457,,,,,,
POD #3,CDU-05,WK 10 2026,03/03/2026,Total Suspended Solids,0,,,,,,
POD #3,CDU-01,WK 40 2026,03/10/2026,PH,8.5,,,,,,
POD #3,CDU-01,WK 40 2026,03/10/2026,ATP Bacteria,36,,,,,,
POD #3,CDU-01,WK 40 2026,03/10/2026,Conductivity,661,,,,,,
POD #3,CDU-01,WK 40 2026,03/10/2026,Turbidity,0,,,,,,
POD #3,CDU-01,WK 40 2026,03/10/2026,TDS,451,,,,,,
POD #3,CDU-01,WK 40 2026,03/10/2026,Total Suspended Solids,0,,,,,,
POD #3,CDU-02,WK 40 2026,03/10/2026,PH,8.53,,,,,,
POD #3,CDU-02,WK 40 2026,03/10/2026,ATP Bacteria,99,,,,,,
POD #3,CDU-02,WK 40 2026,03/10/2026,Conductivity,631,,,,,,
POD #3,CDU-02,WK 40 2026,03/10/2026,Turbidity,0,,,,,,
POD #3,CDU-02,WK 40 2026,03/10/2026,TDS,430,,,,,,
POD #3,CDU-02,WK 40 2026,03/10/2026,Total Suspended Solids,0,,,,,,
POD #3,CDU-03,WK 40 2026,03/10/2026,PH,8.55,,,,,,
POD #3,CDU-03,WK 40 2026,03/10/2026,ATP Bacteria,152,,,,,,
POD #3,CDU-03,WK 40 2026,03/10/2026,Conductivity,638,,,,,,
POD #3,CDU-03,WK 40 2026,03/10/2026,Turbidity,0,,,,,,
POD #3,CDU-03,WK 40 2026,03/10/2026,TDS,435,,,,,,
POD #3,CDU-03,WK 40 2026,03/10/2026,Total Suspended Solids,0,,,,,,
POD #3,CDU-04,WK 40 2026,03/10/2026,PH,8.57,,,,,,
POD #3,CDU-04,WK 40 2026,03/10/2026,ATP Bacteria,945,Added 178ml of biocide at March 10,,,,,
POD #3,CDU-04,WK 40 2026,03/10/2026,Conductivity,671,,,,,,
POD #3,CDU-04,WK 40 2026,03/10/2026,Turbidity,0,,,,,,
POD #3,CDU-04,WK 40 2026,03/10/2026,TDS,457,,,,,,
POD #3,CDU-04,WK 40 2026,03/10/2026,Total Suspended Solids,0,,,,,,
POD #3,CDU-05,WK 40 2026,03/10/2026,PH,8.62,,,,,,
POD #3,CDU-05,WK 40 2026,03/10/2026,ATP Bacteria,2,,,,,,
POD #3,CDU-05,WK 40 2026,03/10/2026,Conductivity,683,,,,,,
POD #3,CDU-05,WK 40 2026,03/10/2026,Turbidity,0,,,,,,
POD #3,CDU-05,WK 40 2026,03/10/2026,TDS,465,,,,,,
POD #3,CDU-05,WK 40 2026,03/10/2026,Total Suspended Solids,0,,,,,,
POD #3,CDU-06,WK 40 2026,03/10/2026,PH,8.61,,,,,,
POD #3,CDU-06,WK 40 2026,03/10/2026,ATP Bacteria,0,,,,,,
POD #3,CDU-06,WK 40 2026,03/10/2026,Conductivity,654,,,,,,
POD #3,CDU-06,WK 40 2026,03/10/2026,Turbidity,0,,,,,,
POD #3,CDU-06,WK 40 2026,03/10/2026,TDS,446,,,,,,
POD #3,CDU-06,WK 40 2026,03/10/2026,Total Suspended Solids,0,,,,,,
POD #3,CDU-01,WK 12 2026,17/3/2026,PH,8.6,,,,,,
POD #3,CDU-01,WK 12 2026,17/3/2026,ATP Bacteria,151,,,,,,
POD #3,CDU-01,WK 12 2026,17/3/2026,Conductivity,674.4,,,,,,
POD #3,CDU-01,WK 12 2026,17/3/2026,Turbidity,0,,,,,,
POD #3,CDU-01,WK 12 2026,17/3/2026,TDS,459.2,,,,,,
POD #3,CDU-01,WK 12 2026,17/3/2026,Total Suspended Solids,0,,,,,,
POD #3,CDU-02,WK 12 2026,17/3/2026,PH,8.64,,,,,,
POD #3,CDU-02,WK 12 2026,17/3/2026,ATP Bacteria,49,,,,,,
POD #3,CDU-02,WK 12 2026,17/3/2026,Conductivity,644.9,,,,,,
POD #3,CDU-02,WK 12 2026,17/3/2026,Turbidity,0,,,,,,
POD #3,CDU-02,WK 12 2026,17/3/2026,TDS,439.6,,,,,,
POD #3,CDU-02,WK 12 2026,17/3/2026,Total Suspended Solids,0,,,,,,
POD #3,CDU-03,WK 12 2026,17/3/2026,PH,8.64,,,,,,
POD #3,CDU-03,WK 12 2026,17/3/2026,ATP Bacteria,292,,,,,,
POD #3,CDU-03,WK 12 2026,17/3/2026,Conductivity,674,,,,,,
POD #3,CDU-03,WK 12 2026,17/3/2026,Turbidity,0,,,,,,
POD #3,CDU-03,WK 12 2026,17/3/2026,TDS,458.9,,,,,,
POD #3,CDU-03,WK 12 2026,17/3/2026,Total Suspended Solids,0,,,,,,
POD #3,CDU-04,WK 12 2026,17/3/2026,PH,8.68,,,,,,
POD #3,CDU-04,WK 12 2026,17/3/2026,ATP Bacteria,420,,,,,,
POD #3,CDU-04,WK 12 2026,17/3/2026,Conductivity,676.1,,,,,,
POD #3,CDU-04,WK 12 2026,17/3/2026,Turbidity,0,,,,,,
POD #3,CDU-04,WK 12 2026,17/3/2026,TDS,461.2,,,,,,
POD #3,CDU-04,WK 12 2026,17/3/2026,Total Suspended Solids,0,,,,,,
POD #3,CDU-05,WK 12 2026,17/3/2026,PH,8.7,,,,,,
POD #3,CDU-05,WK 12 2026,17/3/2026,ATP Bacteria,0,,,,,,
POD #3,CDU-05,WK 12 2026,17/3/2026,Conductivity,685.1,,,,,,
POD #3,CDU-05,WK 12 2026,17/3/2026,Turbidity,0,,,,,,
POD #3,CDU-05,WK 12 2026,17/3/2026,TDS,467.3,,,,,,
POD #3,CDU-05,WK 12 2026,17/3/2026,Total Suspended Solids,0,,,,,,
POD #3,CDU-06,WK 12 2026,17/3/2026,PH,8.73,,,,,,
POD #3,CDU-06,WK 12 2026,17/3/2026,ATP Bacteria,0,,,,,,
POD #3,CDU-06,WK 12 2026,17/3/2026,Conductivity,657.6,,,,,,
POD #3,CDU-06,WK 12 2026,17/3/2026,Turbidity,0,,,,,,
POD #3,CDU-06,WK 12 2026,17/3/2026,TDS,446.6,,,,,,
POD #3,CDU-06,WK 12 2026,17/3/2026,Total Suspended Solids,0,,,,,,
POD #3,CDU-01,WK 13 2026,24/3/2026,PH,8.68,,,,,,
POD #3,CDU-01,WK 13 2026,24/3/2026,ATP Bacteria,144,,,,,,
POD #3,CDU-01,WK 13 2026,24/3/2026,Conductivity,682.9,,,,,,
POD #3,CDU-01,WK 13 2026,24/3/2026,Turbidity,0,,,,,,
POD #3,CDU-01,WK 13 2026,24/3/2026,TDS,465.2,,,,,,
POD #3,CDU-01,WK 13 2026,24/3/2026,Total Suspended Solids,0,,,,,,
POD #3,CDU-02,WK 13 2026,24/3/2026,PH,8.62,,,,,,
POD #3,CDU-02,WK 13 2026,24/3/2026,ATP Bacteria,152,,,,,,
POD #3,CDU-02,WK 13 2026,24/3/2026,Conductivity,658.5,,,,,,
POD #3,CDU-02,WK 13 2026,24/3/2026,Turbidity,0,,,,,,
POD #3,CDU-02,WK 13 2026,24/3/2026,TDS,448.8,,,,,,
POD #3,CDU-02,WK 13 2026,24/3/2026,Total Suspended Solids,0,,,,,,
POD #3,CDU-03,WK 13 2026,24/3/2026,PH,8.59,,,,,,
POD #3,CDU-03,WK 13 2026,24/3/2026,ATP Bacteria,211,,,,,,
POD #3,CDU-03,WK 13 2026,24/3/2026,Conductivity,674.8,,,,,,
POD #3,CDU-03,WK 13 2026,24/3/2026,Turbidity,0,,,,,,
POD #3,CDU-03,WK 13 2026,24/3/2026,TDS,460.1,,,,,,
POD #3,CDU-03,WK 13 2026,24/3/2026,Total Suspended Solids,0,,,,,,
POD #3,CDU-04,WK 13 2026,24/3/2026,PH,8.57,,,,,,
POD #3,CDU-04,WK 13 2026,24/3/2026,ATP Bacteria,71,,,,,,
POD #3,CDU-04,WK 13 2026,24/3/2026,Conductivity,685.7,,,,,,
POD #3,CDU-04,WK 13 2026,24/3/2026,Turbidity,0,,,,,,
POD #3,CDU-04,WK 13 2026,24/3/2026,TDS,467.6,,,,,,
POD #3,CDU-04,WK 13 2026,24/3/2026,Total Suspended Solids,0,,,,,,
POD #3,CDU-05,WK 13 2026,24/3/2026,PH,8.65,,,,,,
POD #3,CDU-05,WK 13 2026,24/3/2026,ATP Bacteria,2,,,,,,
POD #3,CDU-05,WK 13 2026,24/3/2026,Conductivity,688.1,,,,,,
POD #3,CDU-05,WK 13 2026,24/3/2026,Turbidity,0,,,,,,
POD #3,CDU-05,WK 13 2026,24/3/2026,TDS,468.6,,,,,,
POD #3,CDU-05,WK 13 2026,24/3/2026,Total Suspended Solids,0,,,,,,
POD #3,CDU-06,WK 13 2026,24/3/2026,PH,8.62,,,,,,
POD #3,CDU-06,WK 13 2026,24/3/2026,ATP Bacteria,112,,,,,,
POD #3,CDU-06,WK 13 2026,24/3/2026,Conductivity,669.9,,,,,,
POD #3,CDU-06,WK 13 2026,24/3/2026,Turbidity,0,,,,,,
POD #3,CDU-06,WK 13 2026,24/3/2026,TDS,456,,,,,,
POD #3,CDU-06,WK 13 2026,24/3/2026,Total Suspended Solids,0,,,,,,
POD #3,CDU-01,WK 14 2026,31/3/2026,PH,8.55,,,,,,
POD #3,CDU-01,WK 14 2026,31/3/2026,ATP Bacteria,136,,,,,,
POD #3,CDU-01,WK 14 2026,31/3/2026,Conductivity,688.6,,,,,,
POD #3,CDU-01,WK 14 2026,31/3/2026,Turbidity,0,,,,,,
POD #3,CDU-01,WK 14 2026,31/3/2026,TDS,466.8,,,,,,
POD #3,CDU-01,WK 14 2026,31/3/2026,Total Suspended Solids,0,,,,,,
POD #3,CDU-02,WK 14 2026,31/3/2026,PH,8.56,,,,,,
POD #3,CDU-02,WK 14 2026,31/3/2026,ATP Bacteria,170,,,,,,
POD #3,CDU-02,WK 14 2026,31/3/2026,Conductivity,667.9,,,,,,
POD #3,CDU-02,WK 14 2026,31/3/2026,Turbidity,0,,,,,,
POD #3,CDU-02,WK 14 2026,31/3/2026,TDS,453.3,,,,,,
POD #3,CDU-02,WK 14 2026,31/3/2026,Total Suspended Solids,0,,,,,,
POD #3,CDU-03,WK 14 2026,31/3/2026,PH,8.52,,,,,,
POD #3,CDU-03,WK 14 2026,31/3/2026,ATP Bacteria,329,,,,,,
POD #3,CDU-03,WK 14 2026,31/3/2026,Conductivity,689.2,,,,,,
POD #3,CDU-03,WK 14 2026,31/3/2026,Turbidity,0,,,,,,
POD #3,CDU-03,WK 14 2026,31/3/2026,TDS,468.4,,,,,,
POD #3,CDU-03,WK 14 2026,31/3/2026,Total Suspended Solids,0,,,,,,
POD #3,CDU-04,WK 14 2026,31/3/2026,PH,8.54,,,,,,
POD #3,CDU-04,WK 14 2026,31/3/2026,ATP Bacteria,352,,,,,,
POD #3,CDU-04,WK 14 2026,31/3/2026,Conductivity,684.6,,,,,,
POD #3,CDU-04,WK 14 2026,31/3/2026,Turbidity,1,,,,,,
POD #3,CDU-04,WK 14 2026,31/3/2026,TDS,457.6,,,,,,
POD #3,CDU-04,WK 14 2026,31/3/2026,Total Suspended Solids,0,,,,,,
POD #3,CDU-05,WK 14 2026,31/3/2026,PH,8.62,,,,,,
POD #3,CDU-05,WK 14 2026,31/3/2026,ATP Bacteria,91,,,,,,
POD #3,CDU-05,WK 14 2026,31/3/2026,Conductivity,868.1,,,,,,
POD #3,CDU-05,WK 14 2026,31/3/2026,Turbidity,0,,,,,,
POD #3,CDU-05,WK 14 2026,31/3/2026,TDS,466.4,,,,,,
POD #3,CDU-05,WK 14 2026,31/3/2026,Total Suspended Solids,0,,,,,,
POD #3,CDU-06,WK 14 2026,31/3/2026,PH,8.54,,,,,,
POD #3,CDU-06,WK 14 2026,31/3/2026,ATP Bacteria,487,,,,,,
POD #3,CDU-06,WK 14 2026,31/3/2026,Conductivity,686.5,,,,,,
POD #3,CDU-06,WK 14 2026,31/3/2026,Turbidity,0,,,,,,
POD #3,CDU-06,WK 14 2026,31/3/2026,TDS,466.5,,,,,,
POD #3,CDU-06,WK 14 2026,31/3/2026,Total Suspended Solids,0,,,,,,
POD #2,CDU-01,WK 14 2026,31/3/2026,PH,8.65,,,,,,
POD #2,CDU-01,WK 14 2026,31/3/2026,ATP Bacteria,6,,,,,,
POD #2,CDU-01,WK 14 2026,31/3/2026,Conductivity,661.9,,,,,,
POD #2,CDU-01,WK 14 2026,31/3/2026,Turbidity,1,,,,,,
POD #2,CDU-01,WK 14 2026,31/3/2026,TDS,447.9,,,,,,
POD #2,CDU-01,WK 14 2026,31/3/2026,Total Suspended Solids,0,,,,,,
POD #2,CDU-02,WK 14 2026,31/3/2026,PH,8.68,,,,,,
POD #2,CDU-02,WK 14 2026,31/3/2026,ATP Bacteria,7,,,,,,
POD #2,CDU-02,WK 14 2026,31/3/2026,Conductivity,662.1,,,,,,
POD #2,CDU-02,WK 14 2026,31/3/2026,Turbidity,0,,,,,,
POD #2,CDU-02,WK 14 2026,31/3/2026,TDS,445.1,,,,,,
POD #2,CDU-02,WK 14 2026,31/3/2026,Total Suspended Solids,5,,,,,,
POD #2,CDU-04,WK 14 2026,31/3/2026,PH,8.69,,,,,,
POD #2,CDU-04,WK 14 2026,31/3/2026,ATP Bacteria,27,,,,,,
POD #2,CDU-04,WK 14 2026,31/3/2026,Conductivity,668.1,,,,,,
POD #2,CDU-04,WK 14 2026,31/3/2026,Turbidity,0,,,,,,
POD #2,CDU-04,WK 14 2026,31/3/2026,TDS,451.7,,,,,,
POD #2,CDU-04,WK 14 2026,31/3/2026,Total Suspended Solids,0,,,,,,
POD #3,CDU-01,WK 16 2026,14/4/2026,PH,7.62,Miscalibrated equipment,,,,,
POD #3,CDU-01,WK 16 2026,14/4/2026,ATP Bacteria,138,,,,,,
POD #3,CDU-01,WK 16 2026,14/4/2026,Conductivity,716.9,,,,,,
POD #3,CDU-01,WK 16 2026,14/4/2026,Turbidity,3,,,,,,
POD #3,CDU-01,WK 16 2026,14/4/2026,TDS,490.4,,,,,,
POD #3,CDU-01,WK 16 2026,14/4/2026,Total Suspended Solids,0,,,,,,
POD #3,CDU-02,WK 16 2026,14/4/2026,PH,7.61,Miscalibrated equipment,,,,,
POD #3,CDU-02,WK 16 2026,14/4/2026,ATP Bacteria,331,,,,,,
POD #3,CDU-02,WK 16 2026,14/4/2026,Conductivity,697,,,,,,
POD #3,CDU-02,WK 16 2026,14/4/2026,Turbidity,1,,,,,,
POD #3,CDU-02,WK 16 2026,14/4/2026,TDS,477.2,,,,,,
POD #3,CDU-02,WK 16 2026,14/4/2026,Total Suspended Solids,0,,,,,,
POD #3,CDU-03,WK 16 2026,14/4/2026,PH,7.59,Miscalibrated equipment,,,,,
POD #3,CDU-03,WK 16 2026,14/4/2026,ATP Bacteria,72,,,,,,
POD #3,CDU-03,WK 16 2026,14/4/2026,Conductivity,711.8,,,,,,
POD #3,CDU-03,WK 16 2026,14/4/2026,Turbidity,0,,,,,,
POD #3,CDU-03,WK 16 2026,14/4/2026,TDS,487,,,,,,
POD #3,CDU-03,WK 16 2026,14/4/2026,Total Suspended Solids,0,,,,,,
POD #3,CDU-04,WK 16 2026,14/4/2026,PH,7.64,Miscalibrated equipment,,,,,
POD #3,CDU-04,WK 16 2026,14/4/2026,ATP Bacteria,122,,,,,,
POD #3,CDU-04,WK 16 2026,14/4/2026,Conductivity,693.9,,,,,,
POD #3,CDU-04,WK 16 2026,14/4/2026,Turbidity,2,,,,,,
POD #3,CDU-04,WK 16 2026,14/4/2026,TDS,474.7,,,,,,
POD #3,CDU-04,WK 16 2026,14/4/2026,Total Suspended Solids,0,,,,,,
POD #3,CDU-05,WK 16 2026,14/4/2026,PH,7.67,Miscalibrated equipment,,,,,
POD #3,CDU-05,WK 16 2026,14/4/2026,ATP Bacteria,40,,,,,,
POD #3,CDU-05,WK 16 2026,14/4/2026,Conductivity,708.6,,,,,,
POD #3,CDU-05,WK 16 2026,14/4/2026,Turbidity,0,,,,,,
POD #3,CDU-05,WK 16 2026,14/4/2026,TDS,484,,,,,,
POD #3,CDU-05,WK 16 2026,14/4/2026,Total Suspended Solids,0,,,,,,
POD #3,CDU-06,WK 16 2026,14/4/2026,PH,7.63,Miscalibrated equipment,,,,,
POD #3,CDU-06,WK 16 2026,14/4/2026,ATP Bacteria,318,,,,,,
POD #3,CDU-06,WK 16 2026,14/4/2026,Conductivity,705.9,,,,,,
POD #3,CDU-06,WK 16 2026,14/4/2026,Turbidity,1,,,,,,
POD #3,CDU-06,WK 16 2026,14/4/2026,TDS,482.5,,,,,,
POD #3,CDU-06,WK 16 2026,14/4/2026,Total Suspended Solids,0,,,,,,
POD #2,CDU-01,WK 16 2026,14/4/2026,PH,7.84,Miscalibrated equipment,,,,,
POD #2,CDU-01,WK 16 2026,14/4/2026,ATP Bacteria,0,,,,,,
POD #2,CDU-01,WK 16 2026,14/4/2026,Conductivity,669.8,,,,,,
POD #2,CDU-01,WK 16 2026,14/4/2026,Turbidity,4,,,,,,
POD #2,CDU-01,WK 16 2026,14/4/2026,TDS,457.7,,,,,,
POD #2,CDU-01,WK 16 2026,14/4/2026,Total Suspended Solids,0,,,,,,
POD #2,CDU-02,WK 16 2026,14/4/2026,PH,7.74,Miscalibrated equipment,,,,,
POD #2,CDU-02,WK 16 2026,14/4/2026,ATP Bacteria,263,,,,,,
POD #2,CDU-02,WK 16 2026,14/4/2026,Conductivity,652.8,,,,,,
POD #2,CDU-02,WK 16 2026,14/4/2026,Turbidity,0,,,,,,
POD #2,CDU-02,WK 16 2026,14/4/2026,TDS,445.5,,,,,,
POD #2,CDU-02,WK 16 2026,14/4/2026,Total Suspended Solids,0,,,,,,
POD #2,CDU-04,WK 16 2026,14/4/2026,PH,7.74,Miscalibrated equipment,,,,,
POD #2,CDU-04,WK 16 2026,14/4/2026,ATP Bacteria,714,,,,,,
POD #2,CDU-04,WK 16 2026,14/4/2026,Conductivity,689.9,,,,,,
POD #2,CDU-04,WK 16 2026,14/4/2026,Turbidity,0,,,,,,
POD #2,CDU-04,WK 16 2026,14/4/2026,TDS,471.7,,,,,,
POD #2,CDU-04,WK 16 2026,14/4/2026,Total Suspended Solids,0,,,,,,
POD #3,CDU-01,WK 17 2026,21/4/2026,PH,7.18,Miscalibrated equipment,,,,,
POD #3,CDU-01,WK 17 2026,21/4/2026,ATP Bacteria,786,,,,,,
POD #3,CDU-01,WK 17 2026,21/4/2026,Conductivity,718.2,,,,,,
POD #3,CDU-01,WK 17 2026,21/4/2026,Turbidity,0,,,,,,
POD #3,CDU-01,WK 17 2026,21/4/2026,TDS,489.7,,,,,,
POD #3,CDU-01,WK 17 2026,21/4/2026,Total Suspended Solids,0,,,,,,
POD #3,CDU-02,WK 17 2026,21/4/2026,PH,7.17,Miscalibrated equipment,,,,,
POD #3,CDU-02,WK 17 2026,21/4/2026,ATP Bacteria,1848,,,,,,
POD #3,CDU-02,WK 17 2026,21/4/2026,Conductivity,709.9,,,,,,
POD #3,CDU-02,WK 17 2026,21/4/2026,Turbidity,0,,,,,,
POD #3,CDU-02,WK 17 2026,21/4/2026,TDS,486.6,,,,,,
POD #3,CDU-02,WK 17 2026,21/4/2026,Total Suspended Solids,0,,,,,,
POD #3,CDU-03,WK 17 2026,21/4/2026,PH,7.18,Miscalibrated equipment,,,,,
POD #3,CDU-03,WK 17 2026,21/4/2026,ATP Bacteria,1877,,,,,,
POD #3,CDU-03,WK 17 2026,21/4/2026,Conductivity,717.7,,,,,,
POD #3,CDU-03,WK 17 2026,21/4/2026,Turbidity,0,,,,,,
POD #3,CDU-03,WK 17 2026,21/4/2026,TDS,489.8,,,,,,
POD #3,CDU-03,WK 17 2026,21/4/2026,Total Suspended Solids,0,,,,,,
POD #3,CDU-05,WK 17 2026,21/4/2026,PH,7.22,Miscalibrated equipment,,,,,
POD #3,CDU-05,WK 17 2026,21/4/2026,ATP Bacteria,93,,,,,,
POD #3,CDU-05,WK 17 2026,21/4/2026,Conductivity,722.2,,,,,,
POD #3,CDU-05,WK 17 2026,21/4/2026,Turbidity,0,,,,,,
POD #3,CDU-05,WK 17 2026,21/4/2026,TDS,492.9,,,,,,
POD #3,CDU-05,WK 17 2026,21/4/2026,Total Suspended Solids,0,,,,,,
POD #3,CDU-06,WK 17 2026,21/4/2026,PH,7.28,Miscalibrated equipment,,,,,
POD #3,CDU-06,WK 17 2026,21/4/2026,ATP Bacteria,2871,,,,,,
POD #3,CDU-06,WK 17 2026,21/4/2026,Conductivity,717.9,,,,,,
POD #3,CDU-06,WK 17 2026,21/4/2026,Turbidity,0,,,,,,
POD #3,CDU-06,WK 17 2026,21/4/2026,TDS,490.8,,,,,,
POD #3,CDU-06,WK 17 2026,21/4/2026,Total Suspended Solids,0,,,,,,
POD #2,CDU-02,WK 17 2026,21/4/2026,PH,7.29,Miscalibrated equipment,,,,,
POD #2,CDU-02,WK 17 2026,21/4/2026,ATP Bacteria,366,,,,,,
POD #2,CDU-02,WK 17 2026,21/4/2026,Conductivity,669.7,,,,,,
POD #2,CDU-02,WK 17 2026,21/4/2026,Turbidity,0,,,,,,
POD #2,CDU-02,WK 17 2026,21/4/2026,TDS,455,,,,,,
POD #2,CDU-02,WK 17 2026,21/4/2026,Total Suspended Solids,0,,,,,,
POD #3,CDU-01,WK 18 2026,27/4/2026,PH,7.22,Miscalibrated equipment,,,,,
POD #3,CDU-01,WK 18 2026,27/4/2026,ATP Bacteria,2987,Added 178ml of biocide at April 27,,,,,
POD #3,CDU-01,WK 18 2026,27/4/2026,Conductivity,717,,,,,,
POD #3,CDU-01,WK 18 2026,27/4/2026,Turbidity,0,,,,,,
POD #3,CDU-01,WK 18 2026,27/4/2026,TDS,490.2,,,,,,
POD #3,CDU-01,WK 18 2026,27/4/2026,Total Suspended Solids,0,,,,,,
POD #3,CDU-02,WK 18 2026,27/4/2026,PH,7.22,,,,,,
POD #3,CDU-02,WK 18 2026,27/4/2026,ATP Bacteria,962,,,,,,
POD #3,CDU-02,WK 18 2026,27/4/2026,Conductivity,711,,,,,,
POD #3,CDU-02,WK 18 2026,27/4/2026,Turbidity,0,,,,,,
POD #3,CDU-02,WK 18 2026,27/4/2026,TDS,486,,,,,,
POD #3,CDU-02,WK 18 2026,27/4/2026,Total Suspended Solids,0,,,,,,
POD #3,CDU-03,WK 18 2026,27/4/2026,PH,7.2,Miscalibrated equipment,,,,,
POD #3,CDU-03,WK 18 2026,27/4/2026,ATP Bacteria,3712,Added 178ml of biocide at April 27,,,,,
POD #3,CDU-03,WK 18 2026,27/4/2026,Conductivity,717.3,,,,,,
POD #3,CDU-03,WK 18 2026,27/4/2026,Turbidity,3,,,,,,
POD #3,CDU-03,WK 18 2026,27/4/2026,TDS,489.5,,,,,,
POD #3,CDU-03,WK 18 2026,27/4/2026,Total Suspended Solids,0,,,,,,
POD #3,CDU-05,WK 18 2026,27/4/2026,PH,7.26,Miscalibrated equipment,,,,,
POD #3,CDU-05,WK 18 2026,27/4/2026,ATP Bacteria,2646,Added 178ml of biocide at April 27,,,,,
POD #3,CDU-05,WK 18 2026,27/4/2026,Conductivity,718.3,,,,,,
POD #3,CDU-05,WK 18 2026,27/4/2026,Turbidity,0,,,,,,
POD #3,CDU-05,WK 18 2026,27/4/2026,TDS,490.6,,,,,,
POD #3,CDU-05,WK 18 2026,27/4/2026,Total Suspended Solids,0,,,,,,
POD #3,CDU-06,WK 18 2026,27/4/2026,PH,7.2,Miscalibrated equipment,,,,,
POD #3,CDU-06,WK 18 2026,27/4/2026,ATP Bacteria,3844,Added 178ml of biocide at April 27,,,,,
POD #3,CDU-06,WK 18 2026,27/4/2026,Conductivity,718.1,,,,,,
POD #3,CDU-06,WK 18 2026,27/4/2026,Turbidity,0,,,,,,
POD #3,CDU-06,WK 18 2026,27/4/2026,TDS,489.7,,,,,,
POD #3,CDU-06,WK 18 2026,27/4/2026,Total Suspended Solids,0,,,,,,
POD #2,CDU-01,WK 18 2026,27/4/2026,PH,7.36,Miscalibrated equipment,,,,,
POD #2,CDU-01,WK 18 2026,27/4/2026,ATP Bacteria,171,,,,,,
POD #2,CDU-01,WK 18 2026,27/4/2026,Conductivity,663.6,,,,,,
POD #2,CDU-01,WK 18 2026,27/4/2026,Turbidity,0,,,,,,
POD #2,CDU-01,WK 18 2026,27/4/2026,TDS,451.6,,,,,,
POD #2,CDU-01,WK 18 2026,27/4/2026,Total Suspended Solids,0,,,,,,
POD #2,CDU-02,WK 18 2026,27/4/2026,PH,7.38,Miscalibrated equipment,,,,,
POD #2,CDU-02,WK 18 2026,27/4/2026,ATP Bacteria,401,,,,,,
POD #2,CDU-02,WK 18 2026,27/4/2026,Conductivity,692.7,,,,,,
POD #2,CDU-02,WK 18 2026,27/4/2026,Turbidity,0,,,,,,
POD #2,CDU-02,WK 18 2026,27/4/2026,TDS,477.9,,,,,,
POD #2,CDU-02,WK 18 2026,27/4/2026,Total Suspended Solids,0,,,,,,
POD #3,CDU-01,WK 18 2026,29/4/2026,PH,7.82,Miscalibrated equipment,,,,,
POD #3,CDU-01,WK 18 2026,29/4/2026,ATP Bacteria,1194,,,,,,
POD #3,CDU-01,WK 18 2026,29/4/2026,Conductivity,729.7,,,,,,
POD #3,CDU-01,WK 18 2026,29/4/2026,Turbidity,0,,,,,,
POD #3,CDU-01,WK 18 2026,29/4/2026,TDS,497.4,,,,,,
POD #3,CDU-01,WK 18 2026,29/4/2026,Total Suspended Solids,0,,,,,,
POD #3,CDU-02,WK 18 2026,29/4/2026,PH,7.86,Miscalibrated equipment,,,,,
POD #3,CDU-02,WK 18 2026,29/4/2026,ATP Bacteria,916,,,,,,
POD #3,CDU-02,WK 18 2026,29/4/2026,Conductivity,712.9,,,,,,
POD #3,CDU-02,WK 18 2026,29/4/2026,Turbidity,0,,,,,,
POD #3,CDU-02,WK 18 2026,29/4/2026,TDS,485.5,,,,,,
POD #3,CDU-02,WK 18 2026,29/4/2026,Total Suspended Solids,0,,,,,,
POD #3,CDU-03,WK 18 2026,29/4/2026,PH,7.81,Miscalibrated equipment,,,,,
POD #3,CDU-03,WK 18 2026,29/4/2026,ATP Bacteria,1700,,,,,,
POD #3,CDU-03,WK 18 2026,29/4/2026,Conductivity,735.2,,,,,,
POD #3,CDU-03,WK 18 2026,29/4/2026,Turbidity,0,,,,,,
POD #3,CDU-03,WK 18 2026,29/4/2026,TDS,501.7,,,,,,
POD #3,CDU-03,WK 18 2026,29/4/2026,Total Suspended Solids,0,,,,,,
POD #3,CDU-05,WK 18 2026,29/4/2026,PH,7.88,Miscalibrated equipment,,,,,
POD #3,CDU-05,WK 18 2026,29/4/2026,ATP Bacteria,1504,,,,,,
POD #3,CDU-05,WK 18 2026,29/4/2026,Conductivity,729.1,,,,,,
POD #3,CDU-05,WK 18 2026,29/4/2026,Turbidity,0,,,,,,
POD #3,CDU-05,WK 18 2026,29/4/2026,TDS,497.3,,,,,,
POD #3,CDU-05,WK 18 2026,29/4/2026,Total Suspended Solids,0,,,,,,
POD #3,CDU-06,WK 18 2026,29/4/2026,PH,7.8,Miscalibrated equipment,,,,,
POD #3,CDU-06,WK 18 2026,29/4/2026,ATP Bacteria,3050,,,,,,
POD #3,CDU-06,WK 18 2026,29/4/2026,Conductivity,738.3,,,,,,
POD #3,CDU-06,WK 18 2026,29/4/2026,Turbidity,2,,,,,,
POD #3,CDU-06,WK 18 2026,29/4/2026,TDS,503.6,,,,,,
POD #3,CDU-06,WK 18 2026,29/4/2026,Total Suspended Solids,0,,,,,,
POD #2,CDU-01,WK 18 2026,29/4/2026,PH,7.95,Miscalibrated equipment,,,,,
POD #2,CDU-01,WK 18 2026,29/4/2026,ATP Bacteria,250,,,,,,
POD #2,CDU-01,WK 18 2026,29/4/2026,Conductivity,643.8,,,,,,
POD #2,CDU-01,WK 18 2026,29/4/2026,Turbidity,0,,,,,,
POD #2,CDU-01,WK 18 2026,29/4/2026,TDS,438,,,,,,
POD #2,CDU-01,WK 18 2026,29/4/2026,Total Suspended Solids,0,,,,,,
POD #2,CDU-02,WK 18 2026,29/4/2026,PH,7.92,Miscalibrated equipment,,,,,
POD #2,CDU-02,WK 18 2026,29/4/2026,ATP Bacteria,320,,,,,,
POD #2,CDU-02,WK 18 2026,29/4/2026,Conductivity,674.2,,,,,,
POD #2,CDU-02,WK 18 2026,29/4/2026,Turbidity,0,,,,,,
POD #2,CDU-02,WK 18 2026,29/4/2026,TDS,458.7,,,,,,
POD #2,CDU-02,WK 18 2026,29/4/2026,Total Suspended Solids,0,,,,,,
POD #3,CDU-01,WK 14 2026,05/04/2026,ATP Bacteria,957,,,,,,
POD #3,CDU-03,WK 14 2026,05/04/2026,ATP Bacteria,1100,,,,,,
POD #3,CDU-05,WK 14 2026,05/04/2026,ATP Bacteria,1036,,,,,,
POD #3,CDU-06,WK 14 2026,05/04/2026,ATP Bacteria,2125,,,,,,
POD #3,CDU-01,WK 19 2026,05/05/2026,PH,7.3,Miscalibrated equipment,,,,,
POD #3,CDU-01,WK 19 2026,05/05/2026,ATP Bacteria,663,,,,,,
POD #3,CDU-01,WK 19 2026,05/05/2026,Conductivity,724.7,,,,,,
POD #3,CDU-01,WK 19 2026,05/05/2026,Turbidity,0,,,,,,
POD #3,CDU-01,WK 19 2026,05/05/2026,TDS,493.4,,,,,,
POD #3,CDU-01,WK 19 2026,05/05/2026,Total Suspended Solids,0,,,,,,
POD #3,CDU-02,WK 19 2026,05/05/2026,PH,7.2,Miscalibrated equipment,,,,,
POD #3,CDU-02,WK 19 2026,05/05/2026,ATP Bacteria,2001.0,,,,,,
POD #3,CDU-02,WK 19 2026,05/05/2026,Conductivity,709.6,,,,,,
POD #3,CDU-02,WK 19 2026,05/05/2026,Turbidity,0,,,,,,
POD #3,CDU-02,WK 19 2026,05/05/2026,TDS,483.1,,,,,,
POD #3,CDU-02,WK 19 2026,05/05/2026,Total Suspended Solids,0,,,,,,
POD #3,CDU-03,WK 19 2026,05/05/2026,PH,7.3,Miscalibrated equipment,,,,,
POD #3,CDU-03,WK 19 2026,05/05/2026,ATP Bacteria,1107,,,,,,
POD #3,CDU-03,WK 19 2026,05/05/2026,Conductivity,720.5,,,,,,
POD #3,CDU-03,WK 19 2026,05/05/2026,Turbidity,0,,,,,,
POD #3,CDU-03,WK 19 2026,05/05/2026,TDS,490.3,,,,,,
POD #3,CDU-03,WK 19 2026,05/05/2026,Total Suspended Solids,0,,,,,,
POD #3,CDU-05,WK 19 2026,05/05/2026,PH,7.3,Miscalibrated equipment,,,,,
POD #3,CDU-05,WK 19 2026,05/05/2026,ATP Bacteria,1400,,,,,,
POD #3,CDU-05,WK 19 2026,05/05/2026,Conductivity,736.6,,,,,,
POD #3,CDU-05,WK 19 2026,05/05/2026,Turbidity,0,,,,,,
POD #3,CDU-05,WK 19 2026,05/05/2026,TDS,502.1,,,,,,
POD #3,CDU-05,WK 19 2026,05/05/2026,Total Suspended Solids,0,,,,,,
POD #3,CDU-06,WK 19 2026,05/05/2026,PH,7.2,Miscalibrated equipment,,,,,
POD #3,CDU-06,WK 19 2026,05/05/2026,ATP Bacteria,1184,,,,,,
POD #3,CDU-06,WK 19 2026,05/05/2026,Conductivity,740.4,,,,,,
POD #3,CDU-06,WK 19 2026,05/05/2026,Turbidity,0,,,,,,
POD #3,CDU-06,WK 19 2026,05/05/2026,TDS,505.1,,,,,,
POD #3,CDU-06,WK 19 2026,05/05/2026,Total Suspended Solids,0,,,,,,
POD #2,CDU-01,WK 19 2026,05/05/2026,PH,7.4,Miscalibrated equipment,,,,,
POD #2,CDU-01,WK 19 2026,05/05/2026,ATP Bacteria,691,,,,,,
POD #2,CDU-01,WK 19 2026,05/05/2026,Conductivity,649.7,,,,,,
POD #2,CDU-01,WK 19 2026,05/05/2026,Turbidity,0,,,,,,
POD #2,CDU-01,WK 19 2026,05/05/2026,TDS,441.6,,,,,,
POD #2,CDU-01,WK 19 2026,05/05/2026,Total Suspended Solids,0,,,,,,
POD #2,CDU-02,WK 19 2026,05/05/2026,PH,7.4,Miscalibrated equipment,,,,,
POD #2,CDU-02,WK 19 2026,05/05/2026,ATP Bacteria,1100,,,,,,
POD #2,CDU-02,WK 19 2026,05/05/2026,Conductivity,678.6,,,,,,
POD #2,CDU-02,WK 19 2026,05/05/2026,Turbidity,0,,,,,,
POD #2,CDU-02,WK 19 2026,05/05/2026,TDS,461.4,,,,,,
POD #2,CDU-02,WK 19 2026,05/05/2026,Total Suspended Solids,0,,,,,,
POD #2,CDU-03,WK 19 2026,05/05/2026,PH,8.15,Miscalibrated equipment,,,,,
POD #2,CDU-03,WK 19 2026,05/05/2026,ATP Bacteria,74,,,,,,
POD #2,CDU-03,WK 19 2026,05/05/2026,Conductivity,780.2,,,,,,
POD #2,CDU-03,WK 19 2026,05/05/2026,Turbidity,0,,,,,,
POD #2,CDU-03,WK 19 2026,05/05/2026,TDS,530.1,,,,,,
POD #2,CDU-03,WK 19 2026,05/05/2026,Total Suspended Solids,0,,,,,,
POD #2,CDU-04,WK 19 2026,05/05/2026,PH,7.5,Miscalibrated equipment,,,,,
POD #2,CDU-04,WK 19 2026,05/05/2026,ATP Bacteria,232.0,,,,,,
POD #2,CDU-04,WK 19 2026,05/05/2026,Conductivity,695.7,,,,,,
POD #2,CDU-04,WK 19 2026,05/05/2026,Turbidity,0,,,,,,
POD #2,CDU-04,WK 19 2026,05/05/2026,TDS,474,,,,,,
POD #2,CDU-04,WK 19 2026,05/05/2026,Total Suspended Solids,0,,,,,,
POD #3,CDU-05,WK 27 2026,05/07/2026,ATP Bacteria,2738.0,,,,,,
POD #3,CDU-03,WK 27 2026,05/07/2026,ATP Bacteria,1207.0,,,,,,
POD #3,CDU-05,WK 32 2026,05/08/2026,ATP Bacteria,2782.0,Added 178ml of biocide at May 8,,,,,
POD #3,CDU-01,WK 49 2026,05/12/2026,PH,8.63,The equipment is calibrated ✅,,,,,
POD #3,CDU-01,WK 49 2026,05/12/2026,ATP Bacteria,1478,,,,,,
POD #3,CDU-01,WK 49 2026,05/12/2026,Conductivity,706.5,,,,,,
POD #3,CDU-01,WK 49 2026,05/12/2026,Turbidity,0,,,,,,
POD #3,CDU-01,WK 49 2026,05/12/2026,TDS,486.2,,,,,,
POD #3,CDU-01,WK 49 2026,05/12/2026,Total Suspended Solids,0,,,,,,
POD #3,CDU-02,WK 49 2026,05/12/2026,PH,8.63,,,,,,
POD #3,CDU-02,WK 49 2026,05/12/2026,ATP Bacteria,1234,,,,,,
POD #3,CDU-02,WK 49 2026,05/12/2026,Conductivity,700,,,,,,
POD #3,CDU-02,WK 49 2026,05/12/2026,Turbidity,0,,,,,,
POD #3,CDU-02,WK 49 2026,05/12/2026,TDS,479.2,,,,,,
POD #3,CDU-02,WK 49 2026,05/12/2026,Total Suspended Solids,0,,,,,,
POD #3,CDU-03,WK 49 2026,05/12/2026,PH,8.63,,,,,,
POD #3,CDU-03,WK 49 2026,05/12/2026,ATP Bacteria,1856,,,,,,
POD #3,CDU-03,WK 49 2026,05/12/2026,Conductivity,699.7,,,,,,
POD #3,CDU-03,WK 49 2026,05/12/2026,Turbidity,0,,,,,,
POD #3,CDU-03,WK 49 2026,05/12/2026,TDS,477.2,,,,,,
POD #3,CDU-03,WK 49 2026,05/12/2026,Total Suspended Solids,0,,,,,,
POD #3,CDU-05,WK 49 2026,05/12/2026,PH,8.68,,,,,,
POD #3,CDU-05,WK 49 2026,05/12/2026,ATP Bacteria,2144,,,,,,
POD #3,CDU-05,WK 49 2026,05/12/2026,Conductivity,734.8,,,,,,
POD #3,CDU-05,WK 49 2026,05/12/2026,Turbidity,0,,,,,,
POD #3,CDU-05,WK 49 2026,05/12/2026,TDS,501.6,,,,,,
POD #3,CDU-05,WK 49 2026,05/12/2026,Total Suspended Solids,0,,,,,,
POD #3,CDU-06,WK 49 2026,05/12/2026,PH,8.65,,,,,,
POD #3,CDU-06,WK 49 2026,05/12/2026,ATP Bacteria,1411,,,,,,
POD #3,CDU-06,WK 49 2026,05/12/2026,Conductivity,712.1,,,,,,
POD #3,CDU-06,WK 49 2026,05/12/2026,Turbidity,0,,,,,,
POD #3,CDU-06,WK 49 2026,05/12/2026,TDS,485.9,,,,,,
POD #3,CDU-06,WK 49 2026,05/12/2026,Total Suspended Solids,0,,,,,,
POD #2,CDU-01,WK 49 2026,05/12/2026,PH,8.76,,,,,,
POD #2,CDU-01,WK 49 2026,05/12/2026,ATP Bacteria,343,,,,,,
POD #2,CDU-01,WK 49 2026,05/12/2026,Conductivity,664.5,,,,,,
POD #2,CDU-01,WK 49 2026,05/12/2026,Turbidity,0,,,,,,
POD #2,CDU-01,WK 49 2026,05/12/2026,TDS,453.6,,,,,,
POD #2,CDU-01,WK 49 2026,05/12/2026,Total Suspended Solids,0,,,,,,
POD #2,CDU-02,WK 49 2026,05/12/2026,PH,8.71,,,,,,
POD #2,CDU-02,WK 49 2026,05/12/2026,ATP Bacteria,222,,,,,,
POD #2,CDU-02,WK 49 2026,05/12/2026,Conductivity,680.8,,,,,,
POD #2,CDU-02,WK 49 2026,05/12/2026,Turbidity,0,,,,,,
POD #2,CDU-02,WK 49 2026,05/12/2026,TDS,463.9,,,,,,
POD #2,CDU-02,WK 49 2026,05/12/2026,Total Suspended Solids,0,,,,,,
POD #2,CDU-03,WK 49 2026,05/12/2026,PH,9.38,,,,,,
POD #2,CDU-03,WK 49 2026,05/12/2026,ATP Bacteria,71,,,,,,
POD #2,CDU-03,WK 49 2026,05/12/2026,Conductivity,775.1,,,,,,
POD #2,CDU-03,WK 49 2026,05/12/2026,Turbidity,0,,,,,,
POD #2,CDU-03,WK 49 2026,05/12/2026,TDS,528.8,,,,,,
POD #2,CDU-03,WK 49 2026,05/12/2026,Total Suspended Solids,0,,,,,,
POD #2,CDU-04,WK 49 2026,05/12/2026,PH,8.84,,,,,,
POD #2,CDU-04,WK 49 2026,05/12/2026,ATP Bacteria,600,,,,,,
POD #2,CDU-04,WK 49 2026,05/12/2026,Conductivity,668.3,,,,,,
POD #2,CDU-04,WK 49 2026,05/12/2026,Turbidity,0,,,,,,
POD #2,CDU-04,WK 49 2026,05/12/2026,TDS,454.9,,,,,,
POD #2,CDU-04,WK 49 2026,05/12/2026,Total Suspended Solids,0,,,,,,
POD #3,CDU-01,WK 21 2026,20/5/2026,PH,8.07,,,,,,
POD #3,CDU-01,WK 21 2026,20/5/2026,ATP Bacteria,1904,,,,,,
POD #3,CDU-01,WK 21 2026,20/5/2026,Conductivity,709.5,,,,,,
POD #3,CDU-01,WK 21 2026,20/5/2026,Turbidity,0,,,,,,
POD #3,CDU-01,WK 21 2026,20/5/2026,TDS,487.3,,,,,,
POD #3,CDU-01,WK 21 2026,20/5/2026,Total Suspended Solids,0,,,,,,
POD #3,CDU-02,WK 21 2026,20/5/2026,PH,8.02,,,,,,
POD #3,CDU-02,WK 21 2026,20/5/2026,ATP Bacteria,2641,Added 178ml of biocide at May 20,,,,,
POD #3,CDU-02,WK 21 2026,20/5/2026,Conductivity,698.5,,,,,,
POD #3,CDU-02,WK 21 2026,20/5/2026,Turbidity,0,,,,,,
POD #3,CDU-02,WK 21 2026,20/5/2026,TDS,480.5,,,,,,
POD #3,CDU-02,WK 21 2026,20/5/2026,Total Suspended Solids,0,,,,,,
POD #3,CDU-03,WK 21 2026,20/5/2026,PH,8.05,,,,,,
POD #3,CDU-03,WK 21 2026,20/5/2026,ATP Bacteria,2476,Added 178ml of biocide at May 20,,,,,
POD #3,CDU-03,WK 21 2026,20/5/2026,Conductivity,707.3,,,,,,
POD #3,CDU-03,WK 21 2026,20/5/2026,Turbidity,0,,,,,,
POD #3,CDU-03,WK 21 2026,20/5/2026,TDS,487.6,,,,,,
POD #3,CDU-03,WK 21 2026,20/5/2026,Total Suspended Solids,0,,,,,,
POD #3,CDU-05,WK 21 2026,20/5/2026,PH,8.05,,,,,,
POD #3,CDU-05,WK 21 2026,20/5/2026,ATP Bacteria,1258,,,,,,
POD #3,CDU-05,WK 21 2026,20/5/2026,Conductivity,736.2,,,,,,
POD #3,CDU-05,WK 21 2026,20/5/2026,Turbidity,0,,,,,,
POD #3,CDU-05,WK 21 2026,20/5/2026,TDS,507.6,,,,,,
POD #3,CDU-05,WK 21 2026,20/5/2026,Total Suspended Solids,0,,,,,,
POD #3,CDU-06,WK 21 2026,20/5/2026,PH,8.02,,,,,,
POD #3,CDU-06,WK 21 2026,20/5/2026,ATP Bacteria,1903,,,,,,
POD #3,CDU-06,WK 21 2026,20/5/2026,Conductivity,711.3,,,,,,
POD #3,CDU-06,WK 21 2026,20/5/2026,Turbidity,0,,,,,,
POD #3,CDU-06,WK 21 2026,20/5/2026,TDS,489.9,,,,,,
POD #3,CDU-06,WK 21 2026,20/5/2026,Total Suspended Solids,0,,,,,,
POD #2,CDU-01,WK 21 2026,20/5/2026,PH,8.05,,,,,,
POD #2,CDU-01,WK 21 2026,20/5/2026,ATP Bacteria,2669,Added 178ml of biocide at May 20,,,,,
POD #2,CDU-01,WK 21 2026,20/5/2026,Conductivity,663.1,,,,,,
POD #2,CDU-01,WK 21 2026,20/5/2026,Turbidity,0,,,,,,
POD #2,CDU-01,WK 21 2026,20/5/2026,TDS,455.9,,,,,,
POD #2,CDU-01,WK 21 2026,20/5/2026,Total Suspended Solids,0,,,,,,
POD #2,CDU-02,WK 21 2026,20/5/2026,PH,8,,,,,,
POD #2,CDU-02,WK 21 2026,20/5/2026,ATP Bacteria,281,,,,,,
POD #2,CDU-02,WK 21 2026,20/5/2026,Conductivity,681.5,,,,,,
POD #2,CDU-02,WK 21 2026,20/5/2026,Turbidity,0,,,,,,
POD #2,CDU-02,WK 21 2026,20/5/2026,TDS,468,,,,,,
POD #2,CDU-02,WK 21 2026,20/5/2026,Total Suspended Solids,0,,,,,,
POD #2,CDU-03,WK 21 2026,20/5/2026,PH,8.8,,,,,,
POD #2,CDU-03,WK 21 2026,20/5/2026,ATP Bacteria,467,,,,,,
POD #2,CDU-03,WK 21 2026,20/5/2026,Conductivity,767.6,,,,,,
POD #2,CDU-03,WK 21 2026,20/5/2026,Turbidity,0,,,,,,
POD #2,CDU-03,WK 21 2026,20/5/2026,TDS,527.1,,,,,,
POD #2,CDU-03,WK 21 2026,20/5/2026,Total Suspended Solids,0,,,,,,
POD #3,CDU-01,WK 22 2026,26/5/2026,PH,8.05,,,,,,
POD #3,CDU-01,WK 22 2026,26/5/2026,ATP Bacteria,1536,,,,,,
POD #3,CDU-01,WK 22 2026,26/5/2026,Conductivity,708.9,,,,,,
POD #3,CDU-01,WK 22 2026,26/5/2026,Turbidity,0,,,,,,
POD #3,CDU-01,WK 22 2026,26/5/2026,TDS,486.9,,,,,,
POD #3,CDU-01,WK 22 2026,26/5/2026,Total Suspended Solids,0,,,,,,
POD #3,CDU-02,WK 22 2026,26/5/2026,PH,8.03,,,,,,
POD #3,CDU-02,WK 22 2026,26/5/2026,ATP Bacteria,2466,,,,,,
POD #3,CDU-02,WK 22 2026,26/5/2026,Conductivity,712.8,,,,,,
POD #3,CDU-02,WK 22 2026,26/5/2026,Turbidity,0,,,,,,
POD #3,CDU-02,WK 22 2026,26/5/2026,TDS,490.5,,,,,,
POD #3,CDU-02,WK 22 2026,26/5/2026,Total Suspended Solids,0,,,,,,
POD #3,CDU-03,WK 22 2026,26/5/2026,PH,8.1,,,,,,
POD #3,CDU-03,WK 22 2026,26/5/2026,ATP Bacteria,2088,,,,,,
POD #3,CDU-03,WK 22 2026,26/5/2026,Conductivity,714.7,,,,,,
POD #3,CDU-03,WK 22 2026,26/5/2026,Turbidity,0,,,,,,
POD #3,CDU-03,WK 22 2026,26/5/2026,TDS,491.4,,,,,,
POD #3,CDU-03,WK 22 2026,26/5/2026,Total Suspended Solids,0,,,,,,
POD #3,CDU-05,WK 22 2026,26/5/2026,PH,8.04,,,,,,
POD #3,CDU-05,WK 22 2026,26/5/2026,ATP Bacteria,444,,,,,,
POD #3,CDU-05,WK 22 2026,26/5/2026,Conductivity,719.9,,,,,,
POD #3,CDU-05,WK 22 2026,26/5/2026,Turbidity,0,,,,,,
POD #3,CDU-05,WK 22 2026,26/5/2026,TDS,495.7,,,,,,
POD #3,CDU-05,WK 22 2026,26/5/2026,Total Suspended Solids,0,,,,,,
POD #3,CDU-06,WK 22 2026,26/5/2026,PH,8.03,,,,,,
POD #3,CDU-06,WK 22 2026,26/5/2026,ATP Bacteria,1197,,,,,,
POD #3,CDU-06,WK 22 2026,26/5/2026,Conductivity,708.9,,,,,,
POD #3,CDU-06,WK 22 2026,26/5/2026,Turbidity,0,,,,,,
POD #3,CDU-06,WK 22 2026,26/5/2026,TDS,487.8,,,,,,
POD #3,CDU-06,WK 22 2026,26/5/2026,Total Suspended Solids,0,,,,,,
POD #2,CDU-01,WK 22 2026,26/5/2026,PH,8.15,,,,,,
POD #2,CDU-01,WK 22 2026,26/5/2026,ATP Bacteria,1949,,,,,,
POD #2,CDU-01,WK 22 2026,26/5/2026,Conductivity,668.6,,,,,,
POD #2,CDU-01,WK 22 2026,26/5/2026,Turbidity,0,,,,,,
POD #2,CDU-01,WK 22 2026,26/5/2026,TDS,472.2,,,,,,
POD #2,CDU-01,WK 22 2026,26/5/2026,Total Suspended Solids,0,,,,,,
POD #2,CDU-02,WK 22 2026,26/5/2026,PH,8.05,,,,,,
POD #2,CDU-02,WK 22 2026,26/5/2026,ATP Bacteria,84,,,,,,
POD #2,CDU-02,WK 22 2026,26/5/2026,Conductivity,697.8,,,,,,
POD #2,CDU-02,WK 22 2026,26/5/2026,Turbidity,0,,,,,,
POD #2,CDU-02,WK 22 2026,26/5/2026,TDS,479,,,,,,
POD #2,CDU-02,WK 22 2026,26/5/2026,Total Suspended Solids,0,,,,,,
POD #2,CDU-03,WK 22 2026,26/5/2026,PH,8.87,,,,,,
POD #2,CDU-03,WK 22 2026,26/5/2026,ATP Bacteria,256,,,,,,
POD #2,CDU-03,WK 22 2026,26/5/2026,Conductivity,770.3,,,,,,
POD #2,CDU-03,WK 22 2026,26/5/2026,Turbidity,0,,,,,,
POD #2,CDU-03,WK 22 2026,26/5/2026,TDS,529.5,,,,,,
POD #2,CDU-03,WK 22 2026,26/5/2026,Total Suspended Solids,0,,,,,,
POD #3,CDU-01,WK 10 2026,06/03/2026,PH,8.31,,,,,,
POD #3,CDU-01,WK 10 2026,06/03/2026,ATP Bacteria,2669,Added 178ml of biocide at Jun 05,,,,,
POD #3,CDU-01,WK 10 2026,06/03/2026,Conductivity,719.6,,,,,,
POD #3,CDU-01,WK 10 2026,06/03/2026,Turbidity,5,,,,,,
POD #3,CDU-01,WK 10 2026,06/03/2026,TDS,477.7,,,,,,
POD #3,CDU-01,WK 10 2026,06/03/2026,Total Suspended Solids,0,,,,,,
POD #3,CDU-02,WK 10 2026,06/03/2026,PH,8.29,,,,,,
POD #3,CDU-02,WK 10 2026,06/03/2026,ATP Bacteria,2691,Added 178ml of biocide at Jun 05,,,,,
POD #3,CDU-02,WK 10 2026,06/03/2026,Conductivity,716.8,,,,,,
POD #3,CDU-02,WK 10 2026,06/03/2026,Turbidity,5,,,,,,
POD #3,CDU-02,WK 10 2026,06/03/2026,TDS,493.3,,,,,,
POD #3,CDU-02,WK 10 2026,06/03/2026,Total Suspended Solids,0,,,,,,
POD #3,CDU-03,WK 10 2026,06/03/2026,PH,8.65,,,,,,
POD #3,CDU-03,WK 10 2026,06/03/2026,ATP Bacteria,2856,Added 178ml of biocide at Jun 05,,,,,
POD #3,CDU-03,WK 10 2026,06/03/2026,Conductivity,726,,,,,,
POD #3,CDU-03,WK 10 2026,06/03/2026,Turbidity,4,,,,,,
POD #3,CDU-03,WK 10 2026,06/03/2026,TDS,499.7,,,,,,
POD #3,CDU-03,WK 10 2026,06/03/2026,Total Suspended Solids,3,,,,,,
POD #3,CDU-05,WK 10 2026,06/03/2026,PH,8.31,,,,,,
POD #3,CDU-05,WK 10 2026,06/03/2026,ATP Bacteria,929,,,,,,
POD #3,CDU-05,WK 10 2026,06/03/2026,Conductivity,724.2,,,,,,
POD #3,CDU-05,WK 10 2026,06/03/2026,Turbidity,0,,,,,,
POD #3,CDU-05,WK 10 2026,06/03/2026,TDS,498.6,,,,,,
POD #3,CDU-05,WK 10 2026,06/03/2026,Total Suspended Solids,0,,,,,,
POD #3,CDU-06,WK 10 2026,06/03/2026,PH,8.28,,,,,,
POD #3,CDU-06,WK 10 2026,06/03/2026,ATP Bacteria,1440,,,,,,
POD #3,CDU-06,WK 10 2026,06/03/2026,Conductivity,712.7,,,,,,
POD #3,CDU-06,WK 10 2026,06/03/2026,Turbidity,0,,,,,,
POD #3,CDU-06,WK 10 2026,06/03/2026,TDS,490.6,,,,,,
POD #3,CDU-06,WK 10 2026,06/03/2026,Total Suspended Solids,0,,,,,,
POD #2,CDU-01,WK 10 2026,06/03/2026,PH,8.23,,,,,,
POD #2,CDU-01,WK 10 2026,06/03/2026,ATP Bacteria,1508,,,,,,
POD #2,CDU-01,WK 10 2026,06/03/2026,Conductivity,696.3,,,,,,
POD #2,CDU-01,WK 10 2026,06/03/2026,Turbidity,4,,,,,,
POD #2,CDU-01,WK 10 2026,06/03/2026,TDS,453.6,,,,,,
POD #2,CDU-01,WK 10 2026,06/03/2026,Total Suspended Solids,0,,,,,,
POD #2,CDU-02,WK 10 2026,06/03/2026,PH,8.23,,,,,,
POD #2,CDU-02,WK 10 2026,06/03/2026,ATP Bacteria,51,,,,,,
POD #2,CDU-02,WK 10 2026,06/03/2026,Conductivity,713.2,,,,,,
POD #2,CDU-02,WK 10 2026,06/03/2026,Turbidity,0,,,,,,
POD #2,CDU-02,WK 10 2026,06/03/2026,TDS,490.6,,,,,,
POD #2,CDU-02,WK 10 2026,06/03/2026,Total Suspended Solids,0,,,,,,
POD #2,CDU-03,WK 10 2026,06/03/2026,PH,8.65,,,,,,
POD #2,CDU-03,WK 10 2026,06/03/2026,ATP Bacteria,210,,,,,,
POD #2,CDU-03,WK 10 2026,06/03/2026,Conductivity,766.4,,,,,,
POD #2,CDU-03,WK 10 2026,06/03/2026,Turbidity,0,,,,,,
POD #2,CDU-03,WK 10 2026,06/03/2026,TDS,530.8,,,,,,
POD #2,CDU-03,WK 10 2026,06/03/2026,Total Suspended Solids,0,,,,,,
POD #2,CDU-04,WK 10 2026,06/03/2026,PH,8.4,,,,,,
POD #2,CDU-04,WK 10 2026,06/03/2026,ATP Bacteria,447,,,,,,
POD #2,CDU-04,WK 10 2026,06/03/2026,Conductivity,701.8,,,,,,
POD #2,CDU-04,WK 10 2026,06/03/2026,Turbidity,0,,,,,,
POD #2,CDU-04,WK 10 2026,06/03/2026,TDS,482.8,,,,,,
POD #2,CDU-04,WK 10 2026,06/03/2026,Total Suspended Solids,0,,,,,,
POD #3,CDU-01,WK 36 2026,06/09/2026,PH,8.32,,,,,,
POD #3,CDU-01,WK 36 2026,06/09/2026,ATP Bacteria,2369,Se inicia control en bidones ,,,,,
POD #3,CDU-01,WK 36 2026,06/09/2026,Conductivity,719.2,,,,,,
POD #3,CDU-01,WK 36 2026,06/09/2026,Turbidity,2,,,,,,
POD #3,CDU-01,WK 36 2026,06/09/2026,TDS,493.5,,,,,,
POD #3,CDU-01,WK 36 2026,06/09/2026,Total Suspended Solids,0,,,,,,
POD #3,CDU-02,WK 36 2026,06/09/2026,PH,8.35,,,,,,
POD #3,CDU-02,WK 36 2026,06/09/2026,ATP Bacteria,874,Se inicia control en bidones ,,,,,
POD #3,CDU-02,WK 36 2026,06/09/2026,Conductivity,726,,,,,,
POD #3,CDU-02,WK 36 2026,06/09/2026,Turbidity,3,,,,,,
POD #3,CDU-02,WK 36 2026,06/09/2026,TDS,499.2,,,,,,
POD #3,CDU-02,WK 36 2026,06/09/2026,Total Suspended Solids,0,,,,,,
POD #3,CDU-03,WK 36 2026,06/09/2026,PH,8.56,,,,,,
POD #3,CDU-03,WK 36 2026,06/09/2026,ATP Bacteria,2779,Se inicia control en bidones ,,,,,
POD #3,CDU-03,WK 36 2026,06/09/2026,Conductivity,729.2,,,,,,
POD #3,CDU-03,WK 36 2026,06/09/2026,Turbidity,3,,,,,,
POD #3,CDU-03,WK 36 2026,06/09/2026,TDS,501.2,,,,,,
POD #3,CDU-03,WK 36 2026,06/09/2026,Total Suspended Solids,0,,,,,,
POD #3,CDU-05,WK 36 2026,06/09/2026,PH,8.52,,,,,,
POD #3,CDU-05,WK 36 2026,06/09/2026,ATP Bacteria,1564,Se inicia control en bidones ,,,,,
POD #3,CDU-05,WK 36 2026,06/09/2026,Conductivity,718.4,,,,,,
POD #3,CDU-05,WK 36 2026,06/09/2026,Turbidity,0,,,,,,
POD #3,CDU-05,WK 36 2026,06/09/2026,TDS,494.1,,,,,,
POD #3,CDU-05,WK 36 2026,06/09/2026,Total Suspended Solids,0,,,,,,
POD #3,CDU-06,WK 36 2026,06/09/2026,PH,8.52,,,,,,
POD #3,CDU-06,WK 36 2026,06/09/2026,ATP Bacteria,2523,Se inicia control en bidones ,,,,,
POD #3,CDU-06,WK 36 2026,06/09/2026,Conductivity,710.5,,,,,,
POD #3,CDU-06,WK 36 2026,06/09/2026,Turbidity,2,,,,,,
POD #3,CDU-06,WK 36 2026,06/09/2026,TDS,488.8,,,,,,
POD #3,CDU-06,WK 36 2026,06/09/2026,Total Suspended Solids,0,,,,,,
POD #2,CDU-01,WK 36 2026,06/09/2026,PH,8.43,,,,,,
POD #2,CDU-01,WK 36 2026,06/09/2026,ATP Bacteria,3521,Se inicia control en bidones, added 178 ml of biocide,,,,,
POD #2,CDU-01,WK 36 2026,06/09/2026,Conductivity,710.4,,,,,,
POD #2,CDU-01,WK 36 2026,06/09/2026,Turbidity,5,,,,,,
POD #2,CDU-01,WK 36 2026,06/09/2026,TDS,487.5,,,,,,
POD #2,CDU-01,WK 36 2026,06/09/2026,Total Suspended Solids,0,,,,,,
POD #2,CDU-02,WK 36 2026,06/09/2026,PH,8.38,,,,,,
POD #2,CDU-02,WK 36 2026,06/09/2026,ATP Bacteria,90,Se inicia control en bidones ,,,,,
POD #2,CDU-02,WK 36 2026,06/09/2026,Conductivity,714.2,,,,,,
POD #2,CDU-02,WK 36 2026,06/09/2026,Turbidity,0,,,,,,
POD #2,CDU-02,WK 36 2026,06/09/2026,TDS,490.2,,,,,,
POD #2,CDU-02,WK 36 2026,06/09/2026,Total Suspended Solids,0,,,,,,
POD #2,CDU-03,WK 36 2026,06/09/2026,PH,8.94,,,,,,
POD #2,CDU-03,WK 36 2026,06/09/2026,ATP Bacteria,121,Se inicia control en bidones ,,,,,
POD #2,CDU-03,WK 36 2026,06/09/2026,Conductivity,768.1,,,,,,
POD #2,CDU-03,WK 36 2026,06/09/2026,Turbidity,0,,,,,,
POD #2,CDU-03,WK 36 2026,06/09/2026,TDS,530.2,,,,,,
POD #2,CDU-03,WK 36 2026,06/09/2026,Total Suspended Solids,0,,,,,,
POD #2,CDU-04,WK 36 2026,06/09/2026,PH,8.45,,,,,,
POD #2,CDU-04,WK 36 2026,06/09/2026,ATP Bacteria,901,Se inicia control en bidones ,,,,,
POD #2,CDU-04,WK 36 2026,06/09/2026,Conductivity,713.2,,,,,,
POD #2,CDU-04,WK 36 2026,06/09/2026,Turbidity,0,,,,,,
POD #2,CDU-04,WK 36 2026,06/09/2026,TDS,489.1,,,,,,
POD #2,CDU-04,WK 36 2026,06/09/2026,Total Suspended Solids,0,,,,,,
POD #3,CDU-01,WK 25 2026,16/6/2026,PH,8.03,,,,,,
POD #3,CDU-01,WK 25 2026,16/6/2026,ATP Bacteria,1308,,,,,,
POD #3,CDU-01,WK 25 2026,16/6/2026,Conductivity,728.7,,,,,,
POD #3,CDU-01,WK 25 2026,16/6/2026,Turbidity,4,,,,,,
POD #3,CDU-01,WK 25 2026,16/6/2026,TDS,501.5,,,,,,
POD #3,CDU-01,WK 25 2026,16/6/2026,Total Suspended Solids,0,,,,,,
POD #3,CDU-02,WK 25 2026,16/6/2026,PH,8.12,,,,,,
POD #3,CDU-02,WK 25 2026,16/6/2026,ATP Bacteria,2100,,,,,,
POD #3,CDU-02,WK 25 2026,16/6/2026,Conductivity,729.9,,,,,,
POD #3,CDU-02,WK 25 2026,16/6/2026,Turbidity,3,,,,,,
POD #3,CDU-02,WK 25 2026,16/6/2026,TDS,503.3,,,,,,
POD #3,CDU-02,WK 25 2026,16/6/2026,Total Suspended Solids,0,,,,,,
POD #3,CDU-03,WK 25 2026,16/6/2026,PH,8.22,,,,,,
POD #3,CDU-03,WK 25 2026,16/6/2026,ATP Bacteria,2180,,,,,,
POD #3,CDU-03,WK 25 2026,16/6/2026,Conductivity,730.9,,,,,,
POD #3,CDU-03,WK 25 2026,16/6/2026,Turbidity,6,,,,,,
POD #3,CDU-03,WK 25 2026,16/6/2026,TDS,503.6,,,,,,
POD #3,CDU-03,WK 25 2026,16/6/2026,Total Suspended Solids,0,,,,,,
POD #3,CDU-05,WK 25 2026,16/6/2026,PH,8.07,,,,,,
POD #3,CDU-05,WK 25 2026,16/6/2026,ATP Bacteria,572,,,,,,
POD #3,CDU-05,WK 25 2026,16/6/2026,Conductivity,733.2,,,,,,
POD #3,CDU-05,WK 25 2026,16/6/2026,Turbidity,0,,,,,,
POD #3,CDU-05,WK 25 2026,16/6/2026,TDS,505.3,,,,,,
POD #3,CDU-05,WK 25 2026,16/6/2026,Total Suspended Solids,0,,,,,,
POD #3,CDU-06,WK 25 2026,16/6/2026,PH,8.1,,,,,,
POD #3,CDU-06,WK 25 2026,16/6/2026,ATP Bacteria,2047,,,,,,
POD #3,CDU-06,WK 25 2026,16/6/2026,Conductivity,719.5,,,,,,
POD #3,CDU-06,WK 25 2026,16/6/2026,Turbidity,2,,,,,,
POD #3,CDU-06,WK 25 2026,16/6/2026,TDS,495.6,,,,,,
POD #3,CDU-06,WK 25 2026,16/6/2026,Total Suspended Solids,0,,,,,,
POD #2,CDU-01,WK 25 2026,16/6/2026,PH,8.03,,,,,,
POD #2,CDU-01,WK 25 2026,16/6/2026,ATP Bacteria,1070,,,,,,
POD #2,CDU-01,WK 25 2026,16/6/2026,Conductivity,725.5,,,,,,
POD #2,CDU-01,WK 25 2026,16/6/2026,Turbidity,4,,,,,,
POD #2,CDU-01,WK 25 2026,16/6/2026,TDS,499.7,,,,,,
POD #2,CDU-01,WK 25 2026,16/6/2026,Total Suspended Solids,0,,,,,,
POD #2,CDU-02,WK 25 2026,16/6/2026,PH,8.1,,,,,,
POD #2,CDU-02,WK 25 2026,16/6/2026,ATP Bacteria,35,,,,,,
POD #2,CDU-02,WK 25 2026,16/6/2026,Conductivity,724.1,,,,,,
POD #2,CDU-02,WK 25 2026,16/6/2026,Turbidity,0,,,,,,
POD #2,CDU-02,WK 25 2026,16/6/2026,TDS,498.3,,,,,,
POD #2,CDU-02,WK 25 2026,16/6/2026,Total Suspended Solids,0,,,,,,
POD #2,CDU-03,WK 25 2026,16/6/2026,PH,8.95,,,,,,
POD #2,CDU-03,WK 25 2026,16/6/2026,ATP Bacteria,98,,,,,,
POD #2,CDU-03,WK 25 2026,16/6/2026,Conductivity,780.7,,,,,,
POD #2,CDU-03,WK 25 2026,16/6/2026,Turbidity,0,,,,,,
POD #2,CDU-03,WK 25 2026,16/6/2026,TDS,537.3,,,,,,
POD #2,CDU-03,WK 25 2026,16/6/2026,Total Suspended Solids,0,,,,,,
POD #2,CDU-04,WK 25 2026,16/6/2026,PH,8.3,,,,,,
POD #2,CDU-04,WK 25 2026,16/6/2026,ATP Bacteria,409,,,,,,
POD #2,CDU-04,WK 25 2026,16/6/2026,Conductivity,717.8,,,,,,
POD #2,CDU-04,WK 25 2026,16/6/2026,Turbidity,0,,,,,,
POD #2,CDU-04,WK 25 2026,16/6/2026,TDS,493.7,,,,,,
POD #2,CDU-04,WK 25 2026,16/6/2026,Total Suspended Solids,0,,,,,,
POD #3,CDU-01,WK 26 2026,23/6/2026,PH,8.63,,,,,,
POD #3,CDU-01,WK 26 2026,23/6/2026,ATP Bacteria,1100,,,,,,
POD #3,CDU-01,WK 26 2026,23/6/2026,Conductivity,713.1,,,,,,
POD #3,CDU-01,WK 26 2026,23/6/2026,Turbidity,3,,,,,,
POD #3,CDU-01,WK 26 2026,23/6/2026,TDS,489.2,,,,,,
POD #3,CDU-01,WK 26 2026,23/6/2026,Total Suspended Solids,0,,,,,,
POD #3,CDU-02,WK 26 2026,23/6/2026,PH,8.21,,,,,,
POD #3,CDU-02,WK 26 2026,23/6/2026,ATP Bacteria,786,,,,,,
POD #3,CDU-02,WK 26 2026,23/6/2026,Conductivity,720.3,,,,,,
POD #3,CDU-02,WK 26 2026,23/6/2026,Turbidity,0,,,,,,
POD #3,CDU-02,WK 26 2026,23/6/2026,TDS,495.5,,,,,,
POD #3,CDU-02,WK 26 2026,23/6/2026,Total Suspended Solids,0,,,,,,
POD #3,CDU-03,WK 26 2026,23/6/2026,PH,8.35,,,,,,
POD #3,CDU-03,WK 26 2026,23/6/2026,ATP Bacteria,2101,,,,,,
POD #3,CDU-03,WK 26 2026,23/6/2026,Conductivity,704.9,,,,,,
POD #3,CDU-03,WK 26 2026,23/6/2026,Turbidity,4,,,,,,
POD #3,CDU-03,WK 26 2026,23/6/2026,TDS,484.8,,,,,,
POD #3,CDU-03,WK 26 2026,23/6/2026,Total Suspended Solids,0,,,,,,
POD #3,CDU-05,WK 26 2026,23/6/2026,PH,8.38,,,,,,
POD #3,CDU-05,WK 26 2026,23/6/2026,ATP Bacteria,576,,,,,,
POD #3,CDU-05,WK 26 2026,23/6/2026,Conductivity,700.1,,,,,,
POD #3,CDU-05,WK 26 2026,23/6/2026,Turbidity,0,,,,,,
POD #3,CDU-05,WK 26 2026,23/6/2026,TDS,485.6,,,,,,
POD #3,CDU-05,WK 26 2026,23/6/2026,Total Suspended Solids,0,,,,,,
POD #3,CDU-06,WK 26 2026,23/6/2026,PH,8.56,,,,,,
POD #3,CDU-06,WK 26 2026,23/6/2026,ATP Bacteria,2004,,,,,,
POD #3,CDU-06,WK 26 2026,23/6/2026,Conductivity,711.8,,,,,,
POD #3,CDU-06,WK 26 2026,23/6/2026,Turbidity,2,,,,,,
POD #3,CDU-06,WK 26 2026,23/6/2026,TDS,489.9,,,,,,
POD #3,CDU-06,WK 26 2026,23/6/2026,Total Suspended Solids,0,,,,,,
POD #2,CDU-01,WK 26 2026,23/6/2026,PH,8.26,,,,,,
POD #2,CDU-01,WK 26 2026,23/6/2026,ATP Bacteria,968,,,,,,
POD #2,CDU-01,WK 26 2026,23/6/2026,Conductivity,707.8,,,,,,
POD #2,CDU-01,WK 26 2026,23/6/2026,Turbidity,0,,,,,,
POD #2,CDU-01,WK 26 2026,23/6/2026,TDS,486.6,,,,,,
POD #2,CDU-01,WK 26 2026,23/6/2026,Total Suspended Solids,0,,,,,,
POD #2,CDU-02,WK 26 2026,23/6/2026,PH,8.25,,,,,,
POD #2,CDU-02,WK 26 2026,23/6/2026,ATP Bacteria,30,,,,,,
POD #2,CDU-02,WK 26 2026,23/6/2026,Conductivity,721.1,,,,,,
POD #2,CDU-02,WK 26 2026,23/6/2026,Turbidity,0,,,,,,
POD #2,CDU-02,WK 26 2026,23/6/2026,TDS,495.7,,,,,,
POD #2,CDU-02,WK 26 2026,23/6/2026,Total Suspended Solids,0,,,,,,
POD #2,CDU-03,WK 26 2026,23/6/2026,PH,9.15,,,,,,
POD #2,CDU-03,WK 26 2026,23/6/2026,ATP Bacteria,103,,,,,,
POD #2,CDU-03,WK 26 2026,23/6/2026,Conductivity,783.2,,,,,,
POD #2,CDU-03,WK 26 2026,23/6/2026,Turbidity,0,,,,,,
POD #2,CDU-03,WK 26 2026,23/6/2026,TDS,539.3,,,,,,
POD #2,CDU-03,WK 26 2026,23/6/2026,Total Suspended Solids,0,,,,,,
POD #2,CDU-04,WK 26 2026,23/6/2026,PH,8.35,,,,,,
POD #2,CDU-04,WK 26 2026,23/6/2026,ATP Bacteria,778,,,,,,
POD #2,CDU-04,WK 26 2026,23/6/2026,Conductivity,704.8,,,,,,
POD #2,CDU-04,WK 26 2026,23/6/2026,Turbidity,0,,,,,,
POD #2,CDU-04,WK 26 2026,23/6/2026,TDS,484.3,,,,,,
POD #2,CDU-04,WK 26 2026,23/6/2026,Total Suspended Solids,0,,,,,,
POD #3,CDU-01,WK 2 2026,07/01/2026,PH,8.61,,,,,,
POD #3,CDU-01,WK 2 2026,07/01/2026,ATP Bacteria,565,,,,,,
POD #3,CDU-01,WK 2 2026,07/01/2026,Conductivity,736.9,,,,,,
POD #3,CDU-01,WK 2 2026,07/01/2026,Turbidity,4,,,,,,
POD #3,CDU-01,WK 2 2026,07/01/2026,TDS,506.2,,,,,,
POD #3,CDU-01,WK 2 2026,07/01/2026,Total Suspended Solids,0,,,,,,
POD #3,CDU-02,WK 2 2026,07/01/2026,PH,8.52,,,,,,
POD #3,CDU-02,WK 2 2026,07/01/2026,ATP Bacteria,539,,,,,,
POD #3,CDU-02,WK 2 2026,07/01/2026,Conductivity,730.9,,,,,,
POD #3,CDU-02,WK 2 2026,07/01/2026,Turbidity,0,,,,,,
POD #3,CDU-02,WK 2 2026,07/01/2026,TDS,502.7,,,,,,
POD #3,CDU-02,WK 2 2026,07/01/2026,Total Suspended Solids,0,,,,,,
POD #3,CDU-03,WK 2 2026,07/01/2026,PH,8.68,,,,,,
POD #3,CDU-03,WK 2 2026,07/01/2026,ATP Bacteria,1719,,,,,,
POD #3,CDU-03,WK 2 2026,07/01/2026,Conductivity,737.6,,,,,,
POD #3,CDU-03,WK 2 2026,07/01/2026,Turbidity,2,,,,,,
POD #3,CDU-03,WK 2 2026,07/01/2026,TDS,506.8,,,,,,
POD #3,CDU-03,WK 2 2026,07/01/2026,Total Suspended Solids,0,,,,,,
POD #3,CDU-05,WK 2 2026,07/01/2026,PH,8.7,,,,,,
POD #3,CDU-05,WK 2 2026,07/01/2026,ATP Bacteria,1099,,,,,,
POD #3,CDU-05,WK 2 2026,07/01/2026,Conductivity,763.5,,,,,,
POD #3,CDU-05,WK 2 2026,07/01/2026,Turbidity,1,,,,,,
POD #3,CDU-05,WK 2 2026,07/01/2026,TDS,526.1,,,,,,
POD #3,CDU-05,WK 2 2026,07/01/2026,Total Suspended Solids,0,,,,,,
POD #3,CDU-06,WK 2 2026,07/01/2026,PH,8.58,,,,,,
POD #3,CDU-06,WK 2 2026,07/01/2026,ATP Bacteria,2509,,,,,,
POD #3,CDU-06,WK 2 2026,07/01/2026,Conductivity,728.2,,,,,,
POD #3,CDU-06,WK 2 2026,07/01/2026,Turbidity,0,,,,,,
POD #3,CDU-06,WK 2 2026,07/01/2026,TDS,500.4,,,,,,
POD #3,CDU-06,WK 2 2026,07/01/2026,Total Suspended Solids,0,,,,,,
POD #2,CDU-01,WK 2 2026,07/01/2026,PH,8.62,,,,,,
POD #2,CDU-01,WK 2 2026,07/01/2026,ATP Bacteria,1414,,,,,,
POD #2,CDU-01,WK 2 2026,07/01/2026,Conductivity,726,,,,,,
POD #2,CDU-01,WK 2 2026,07/01/2026,Turbidity,1,,,,,,
POD #2,CDU-01,WK 2 2026,07/01/2026,TDS,498.1,,,,,,
POD #2,CDU-01,WK 2 2026,07/01/2026,Total Suspended Solids,0,,,,,,
POD #2,CDU-02,WK 2 2026,07/01/2026,PH,8.55,,,,,,
POD #2,CDU-02,WK 2 2026,07/01/2026,ATP Bacteria,29,,,,,,
POD #2,CDU-02,WK 2 2026,07/01/2026,Conductivity,739.4,,,,,,
POD #2,CDU-02,WK 2 2026,07/01/2026,Turbidity,0,,,,,,
POD #2,CDU-02,WK 2 2026,07/01/2026,TDS,507.6,,,,,,
POD #2,CDU-02,WK 2 2026,07/01/2026,Total Suspended Solids,0,,,,,,
POD #2,CDU-03,WK 2 2026,07/01/2026,PH,8.98,,,,,,
POD #2,CDU-03,WK 2 2026,07/01/2026,ATP Bacteria,102,,,,,,
POD #2,CDU-03,WK 2 2026,07/01/2026,Conductivity,785.9,,,,,,
POD #2,CDU-03,WK 2 2026,07/01/2026,Turbidity,0,,,,,,
POD #2,CDU-03,WK 2 2026,07/01/2026,TDS,539.8,,,,,,
POD #2,CDU-03,WK 2 2026,07/01/2026,Total Suspended Solids,0,,,,,,
POD #2,CDU-04,WK 2 2026,07/01/2026,PH,8.66,,,,,,
POD #2,CDU-04,WK 2 2026,07/01/2026,ATP Bacteria,784,,,,,,
POD #2,CDU-04,WK 2 2026,07/01/2026,Conductivity,740.7,,,,,,
POD #2,CDU-04,WK 2 2026,07/01/2026,Turbidity,0,,,,,,
POD #2,CDU-04,WK 2 2026,07/01/2026,TDS,508.6,,,,,,
POD #2,CDU-04,WK 2 2026,07/01/2026,Total Suspended Solids,0,,,,,,
POD #3,CDU-01,WK 28 2026,07/07/2026,PH,8.65,,,,,,
POD #3,CDU-01,WK 28 2026,07/07/2026,ATP Bacteria,242,,,,,,
POD #3,CDU-01,WK 28 2026,07/07/2026,Conductivity,738.1,,,,,,
POD #3,CDU-01,WK 28 2026,07/07/2026,Turbidity,2,,,,,,
POD #3,CDU-01,WK 28 2026,07/07/2026,TDS,506.2,,,,,,
POD #3,CDU-01,WK 28 2026,07/07/2026,Total Suspended Solids,0,,,,,,
POD #3,CDU-02,WK 28 2026,07/07/2026,PH,8.54,,,,,,
POD #3,CDU-02,WK 28 2026,07/07/2026,ATP Bacteria,629,,,,,,
POD #3,CDU-02,WK 28 2026,07/07/2026,Conductivity,728.5,,,,,,
POD #3,CDU-02,WK 28 2026,07/07/2026,Turbidity,0,,,,,,
POD #3,CDU-02,WK 28 2026,07/07/2026,TDS,499.6,,,,,,
POD #3,CDU-02,WK 28 2026,07/07/2026,Total Suspended Solids,0,,,,,,
POD #3,CDU-03,WK 28 2026,07/07/2026,PH,8.69,,,,,,
POD #3,CDU-03,WK 28 2026,07/07/2026,ATP Bacteria,71,,,,,,
POD #3,CDU-03,WK 28 2026,07/07/2026,Conductivity,725.8,,,,,,
POD #3,CDU-03,WK 28 2026,07/07/2026,Turbidity,0,,,,,,
POD #3,CDU-03,WK 28 2026,07/07/2026,TDS,497.6,,,,,,
POD #3,CDU-03,WK 28 2026,07/07/2026,Total Suspended Solids,0,,,,,,
POD #3,CDU-05,WK 28 2026,07/07/2026,PH,8.68,,,,,,
POD #3,CDU-05,WK 28 2026,07/07/2026,ATP Bacteria,352,,,,,,
POD #3,CDU-05,WK 28 2026,07/07/2026,Conductivity,742.3,,,,,,
POD #3,CDU-05,WK 28 2026,07/07/2026,Turbidity,0,,,,,,
POD #3,CDU-05,WK 28 2026,07/07/2026,TDS,509.8,,,,,,
POD #3,CDU-05,WK 28 2026,07/07/2026,Total Suspended Solids,0,,,,,,
POD #3,CDU-06,WK 28 2026,07/07/2026,PH,8.61,,,,,,
POD #3,CDU-06,WK 28 2026,07/07/2026,ATP Bacteria,1547,,,,,,
POD #3,CDU-06,WK 28 2026,07/07/2026,Conductivity,741.3,,,,,,
POD #3,CDU-06,WK 28 2026,07/07/2026,Turbidity,0,,,,,,
POD #3,CDU-06,WK 28 2026,07/07/2026,TDS,509.1,,,,,,
POD #3,CDU-06,WK 28 2026,07/07/2026,Total Suspended Solids,0,,,,,,
POD #2,CDU-01,WK 28 2026,07/07/2026,PH,8.64,,,,,,
POD #2,CDU-01,WK 28 2026,07/07/2026,ATP Bacteria,794,,,,,,
POD #2,CDU-01,WK 28 2026,07/07/2026,Conductivity,733.9,,,,,,
POD #2,CDU-01,WK 28 2026,07/07/2026,Turbidity,0,,,,,,
POD #2,CDU-01,WK 28 2026,07/07/2026,TDS,503.7,,,,,,
POD #2,CDU-01,WK 28 2026,07/07/2026,Total Suspended Solids,0,,,,,,
POD #2,CDU-02,WK 28 2026,07/07/2026,PH,8.57,,,,,,
POD #2,CDU-02,WK 28 2026,07/07/2026,ATP Bacteria,164,,,,,,
POD #2,CDU-02,WK 28 2026,07/07/2026,Conductivity,722.6,,,,,,
POD #2,CDU-02,WK 28 2026,07/07/2026,Turbidity,0,,,,,,
POD #2,CDU-02,WK 28 2026,07/07/2026,TDS,495.2,,,,,,
POD #2,CDU-02,WK 28 2026,07/07/2026,Total Suspended Solids,0,,,,,,
POD #2,CDU-03,WK 28 2026,07/07/2026,PH,9.01,,,,,,
POD #2,CDU-03,WK 28 2026,07/07/2026,ATP Bacteria,66,,,,,,
POD #2,CDU-03,WK 28 2026,07/07/2026,Conductivity,798.4,,,,,,
POD #2,CDU-03,WK 28 2026,07/07/2026,Turbidity,0,,,,,,
POD #2,CDU-03,WK 28 2026,07/07/2026,TDS,547.9,,,,,,
POD #2,CDU-03,WK 28 2026,07/07/2026,Total Suspended Solids,0,,,,,,
POD #2,CDU-04,WK 28 2026,07/07/2026,PH,8.66,,,,,,
POD #2,CDU-04,WK 28 2026,07/07/2026,ATP Bacteria,415,,,,,,
POD #2,CDU-04,WK 28 2026,07/07/2026,Conductivity,725.6,,,,,,
POD #2,CDU-04,WK 28 2026,07/07/2026,Turbidity,0,,,,,,
POD #2,CDU-04,WK 28 2026,07/07/2026,TDS,496.9,,,,,,
POD #2,CDU-04,WK 28 2026,07/07/2026,Total Suspended Solids,0,,,,,,
POD #3,CDU-01,WK 29 2026,14/07/2026,PH,8.61,,,,,,
POD #3,CDU-01,WK 29 2026,14/07/2026,ATP Bacteria,636,,,,,,
POD #3,CDU-01,WK 29 2026,14/07/2026,Conductivity,690.5,,,,,,
POD #3,CDU-01,WK 29 2026,14/07/2026,Turbidity,0,,,,,,
POD #3,CDU-01,WK 29 2026,14/07/2026,TDS,472.6,,,,,,
POD #3,CDU-01,WK 29 2026,14/07/2026,Total Suspended Solids,0,,,,,,
POD #3,CDU-02,WK 29 2026,14/07/2026,PH,8.55,,,,,,
POD #3,CDU-02,WK 29 2026,14/07/2026,ATP Bacteria,211,,,,,,
POD #3,CDU-02,WK 29 2026,14/07/2026,Conductivity,701.4,,,,,,
POD #3,CDU-02,WK 29 2026,14/07/2026,Turbidity,0,,,,,,
POD #3,CDU-02,WK 29 2026,14/07/2026,TDS,481.4,,,,,,
POD #3,CDU-02,WK 29 2026,14/07/2026,Total Suspended Solids,0,,,,,,
POD #3,CDU-03,WK 29 2026,14/07/2026,PH,8.63,,,,,,
POD #3,CDU-03,WK 29 2026,14/07/2026,ATP Bacteria,736,,,,,,
POD #3,CDU-03,WK 29 2026,14/07/2026,Conductivity,690.5,,,,,,
POD #3,CDU-03,WK 29 2026,14/07/2026,Turbidity,0,,,,,,
POD #3,CDU-03,WK 29 2026,14/07/2026,TDS,473.3,,,,,,
POD #3,CDU-03,WK 29 2026,14/07/2026,Total Suspended Solids,0,,,,,,
POD #3,CDU-05,WK 29 2026,14/07/2026,PH,8.62,,,,,,
POD #3,CDU-05,WK 29 2026,14/07/2026,ATP Bacteria,220,,,,,,
POD #3,CDU-05,WK 29 2026,14/07/2026,Conductivity,700.9,,,,,,
POD #3,CDU-05,WK 29 2026,14/07/2026,Turbidity,0,,,,,,
POD #3,CDU-05,WK 29 2026,14/07/2026,TDS,480.7,,,,,,
POD #3,CDU-05,WK 29 2026,14/07/2026,Total Suspended Solids,0,,,,,,
POD #3,CDU-06,WK 29 2026,14/07/2026,PH,8.6,,,,,,
POD #3,CDU-06,WK 29 2026,14/07/2026,ATP Bacteria,593,,,,,,
POD #3,CDU-06,WK 29 2026,14/07/2026,Conductivity,706.6,,,,,,
POD #3,CDU-06,WK 29 2026,14/07/2026,Turbidity,0,,,,,,
POD #3,CDU-06,WK 29 2026,14/07/2026,TDS,485.2,,,,,,
POD #3,CDU-06,WK 29 2026,14/07/2026,Total Suspended Solids,0,,,,,,
POD #2,CDU-01,WK 29 2026,14/07/2026,PH,8.6,,,,,,
POD #2,CDU-01,WK 29 2026,14/07/2026,ATP Bacteria,656,,,,,,
POD #2,CDU-01,WK 29 2026,14/07/2026,Conductivity,680,,,,,,
POD #2,CDU-01,WK 29 2026,14/07/2026,Turbidity,0,,,,,,
POD #2,CDU-01,WK 29 2026,14/07/2026,TDS,466.1,,,,,,
POD #2,CDU-01,WK 29 2026,14/07/2026,Total Suspended Solids,0,,,,,,
POD #2,CDU-02,WK 29 2026,14/07/2026,PH,8.57,,,,,,
POD #2,CDU-02,WK 29 2026,14/07/2026,ATP Bacteria,21,,,,,,
POD #2,CDU-02,WK 29 2026,14/07/2026,Conductivity,685.9,,,,,,
POD #2,CDU-02,WK 29 2026,14/07/2026,Turbidity,0,,,,,,
POD #2,CDU-02,WK 29 2026,14/07/2026,TDS,469.4,,,,,,
POD #2,CDU-02,WK 29 2026,14/07/2026,Total Suspended Solids,0,,,,,,
POD #2,CDU-03,WK 29 2026,14/07/2026,PH,9.04,,,,,,
POD #2,CDU-03,WK 29 2026,14/07/2026,ATP Bacteria,112,,,,,,
POD #2,CDU-03,WK 29 2026,14/07/2026,Conductivity,773.8,,,,,,
POD #2,CDU-03,WK 29 2026,14/07/2026,Turbidity,3,,,,,,
POD #2,CDU-03,WK 29 2026,14/07/2026,TDS,533.4,,,,,,
POD #2,CDU-03,WK 29 2026,14/07/2026,Total Suspended Solids,0,,,,,,
POD #2,CDU-04,WK 29 2026,14/07/2026,PH,8.63,,,,,,
POD #2,CDU-04,WK 29 2026,14/07/2026,ATP Bacteria,445,,,,,,
POD #2,CDU-04,WK 29 2026,14/07/2026,Conductivity,683,,,,,,
POD #2,CDU-04,WK 29 2026,14/07/2026,Turbidity,1,,,,,,
POD #2,CDU-04,WK 29 2026,14/07/2026,TDS,467.6,,,,,,
POD #2,CDU-04,WK 29 2026,14/07/2026,Total Suspended Solids,0,,,,,,
POD #3,CDU-01,WK 30 2026,23/07/2026,PH,8.63,,,,,,
POD #3,CDU-01,WK 30 2026,23/07/2026,ATP Bacteria,474,,,,,,
POD #3,CDU-01,WK 30 2026,23/07/2026,Conductivity,657.6,,,,,,
POD #3,CDU-01,WK 30 2026,23/07/2026,Turbidity,0,,,,,,
POD #3,CDU-01,WK 30 2026,23/07/2026,TDS,449,,,,,,
POD #3,CDU-01,WK 30 2026,23/07/2026,Total Suspended Solids,0,,,,,,
POD #3,CDU-02,WK 30 2026,23/07/2026,PH,8.55,,,,,,
POD #3,CDU-02,WK 30 2026,23/07/2026,ATP Bacteria,148,,,,,,
POD #3,CDU-02,WK 30 2026,23/07/2026,Conductivity,669.8,,,,,,
POD #3,CDU-02,WK 30 2026,23/07/2026,Turbidity,0,,,,,,
POD #3,CDU-02,WK 30 2026,23/07/2026,TDS,458,,,,,,
POD #3,CDU-02,WK 30 2026,23/07/2026,Total Suspended Solids,0,,,,,,
POD #3,CDU-03,WK 30 2026,23/07/2026,PH,8.65,,,,,,
POD #3,CDU-03,WK 30 2026,23/07/2026,ATP Bacteria,854,,,,,,
POD #3,CDU-03,WK 30 2026,23/07/2026,Conductivity,657.9,,,,,,
POD #3,CDU-03,WK 30 2026,23/07/2026,Turbidity,0,,,,,,
POD #3,CDU-03,WK 30 2026,23/07/2026,TDS,450.01,,,,,,
POD #3,CDU-03,WK 30 2026,23/07/2026,Total Suspended Solids,0,,,,,,
POD #3,CDU-05,WK 30 2026,23/07/2026,PH,8.61,,,,,,
POD #3,CDU-05,WK 30 2026,23/07/2026,ATP Bacteria,385,,,,,,
POD #3,CDU-05,WK 30 2026,23/07/2026,Conductivity,662.7,,,,,,
POD #3,CDU-05,WK 30 2026,23/07/2026,Turbidity,0,,,,,,
POD #3,CDU-05,WK 30 2026,23/07/2026,TDS,453.4,,,,,,
POD #3,CDU-05,WK 30 2026,23/07/2026,Total Suspended Solids,0,,,,,,
POD #3,CDU-06,WK 30 2026,23/07/2026,PH,8.6,,,,,,
POD #3,CDU-06,WK 30 2026,23/07/2026,ATP Bacteria,721,,,,,,
POD #3,CDU-06,WK 30 2026,23/07/2026,Conductivity,675.8,,,,,,
POD #3,CDU-06,WK 30 2026,23/07/2026,Turbidity,0,,,,,,
POD #3,CDU-06,WK 30 2026,23/07/2026,TDS,462.1,,,,,,
POD #3,CDU-06,WK 30 2026,23/07/2026,Total Suspended Solids,0,,,,,,
POD #2,CDU-01,WK 30 2026,23/07/2026,PH,8.65,,,,,,
POD #2,CDU-01,WK 30 2026,23/07/2026,ATP Bacteria,253,,,,,,
POD #2,CDU-01,WK 30 2026,23/07/2026,Conductivity,645.2,,,,,,
POD #2,CDU-01,WK 30 2026,23/07/2026,Turbidity,0,,,,,,
POD #2,CDU-01,WK 30 2026,23/07/2026,TDS,439.5,,,,,,
POD #2,CDU-01,WK 30 2026,23/07/2026,Total Suspended Solids,0,,,,,,
POD #2,CDU-02,WK 30 2026,23/07/2026,PH,8.57,,,,,,
POD #2,CDU-02,WK 30 2026,23/07/2026,ATP Bacteria,35,,,,,,
POD #2,CDU-02,WK 30 2026,23/07/2026,Conductivity,658.9,,,,,,
POD #2,CDU-02,WK 30 2026,23/07/2026,Turbidity,0,,,,,,
POD #2,CDU-02,WK 30 2026,23/07/2026,TDS,449.6,,,,,,
POD #2,CDU-02,WK 30 2026,23/07/2026,Total Suspended Solids,0,,,,,,
POD #2,CDU-03,WK 30 2026,23/07/2026,PH,9.01,,,,,,
POD #2,CDU-03,WK 30 2026,23/07/2026,ATP Bacteria,283,,,,,,
POD #2,CDU-03,WK 30 2026,23/07/2026,Conductivity,769.1,,,,,,
POD #2,CDU-03,WK 28 2026,23/07/2026,Turbidity,0,,,,,,
POD #2,CDU-03,WK 30 2026,23/07/2026,TDS,528.9,,,,,,
POD #2,CDU-03,WK 30 2026,23/07/2026,Total Suspended Solids,0,,,,,,
POD #2,CDU-04,WK 30 2026,23/07/2026,PH,8.61,,,,,,
POD #2,CDU-04,WK 30 2026,23/07/2026,ATP Bacteria,619,,,,,,
POD #2,CDU-04,WK 30 2026,23/07/2026,Conductivity,658.8,,,,,,
POD #2,CDU-04,WK 30 2026,23/07/2026,Turbidity,0,,,,,,
POD #2,CDU-04,WK 30 2026,23/07/2026,TDS,449.6,,,,,,
POD #2,CDU-04,WK 30 2026,23/07/2026,Total Suspended Solids,0,,,,,,
POD #3,CDU-01,WK 31 2026,28/07/2026,PH,8.73,,,,,,
POD #3,CDU-01,WK 31 2026,28/07/2026,ATP Bacteria,0,,,,,,
POD #3,CDU-01,WK 31 2026,28/07/2026,Conductivity,713.9,,,,,,
POD #3,CDU-01,WK 31 2026,28/07/2026,Turbidity,0,,,,,,
POD #3,CDU-01,WK 31 2026,28/07/2026,TDS,489.4,,,,,,
POD #3,CDU-01,WK 31 2026,28/07/2026,Total Suspended Solids,0,,,,,,
POD #3,CDU-02,WK 31 2026,28/07/2026,PH,8.64,,,,,,
POD #3,CDU-02,WK 31 2026,28/07/2026,ATP Bacteria,439,,,,,,
POD #3,CDU-02,WK 31 2026,28/07/2026,Conductivity,670.1,,,,,,
POD #3,CDU-02,WK 31 2026,28/07/2026,Turbidity,0,,,,,,
POD #3,CDU-02,WK 31 2026,28/07/2026,TDS,458.9,,,,,,
POD #3,CDU-02,WK 31 2026,28/07/2026,Total Suspended Solids,0,,,,,,
POD #3,CDU-03,WK 31 2026,28/07/2026,PH,8.63,,,,,,
POD #3,CDU-03,WK 31 2026,28/07/2026,ATP Bacteria,815,,,,,,
POD #3,CDU-03,WK 31 2026,28/07/2026,Conductivity,654.2,,,,,,
POD #3,CDU-03,WK 31 2026,28/07/2026,Turbidity,0,,,,,,
POD #3,CDU-03,WK 31 2026,28/07/2026,TDS,447.3,,,,,,
POD #3,CDU-03,WK 31 2026,28/07/2026,Total Suspended Solids,0,,,,,,
POD #3,CDU-05,WK 31 2026,28/07/2026,PH,8.72,,,,,,
POD #3,CDU-05,WK 31 2026,28/07/2026,ATP Bacteria,44,,,,,,
POD #3,CDU-05,WK 31 2026,28/07/2026,Conductivity,683,,,,,,
POD #3,CDU-05,WK 31 2026,28/07/2026,Turbidity,0,,,,,,
POD #3,CDU-05,WK 31 2026,28/07/2026,TDS,467.8,,,,,,
POD #3,CDU-05,WK 31 2026,28/07/2026,Total Suspended Solids,0,,,,,,
POD #3,CDU-06,WK 31 2026,28/07/2026,PH,8.63,,,,,,
POD #3,CDU-06,WK 31 2026,28/07/2026,ATP Bacteria,725,,,,,,
POD #3,CDU-06,WK 31 2026,28/07/2026,Conductivity,685.1,,,,,,
POD #3,CDU-06,WK 31 2026,28/07/2026,Turbidity,0,,,,,,
POD #3,CDU-06,WK 31 2026,28/07/2026,TDS,468.9,,,,,,
POD #3,CDU-06,WK 31 2026,28/07/2026,Total Suspended Solids,0,,,,,,
POD #2,CDU-01,WK 31 2026,28/07/2026,PH,8.63,,,,,,
POD #2,CDU-01,WK 31 2026,28/07/2026,ATP Bacteria,1022,,,,,,
POD #2,CDU-01,WK 31 2026,28/07/2026,Conductivity,661.5,,,,,,
POD #2,CDU-01,WK 31 2026,28/07/2026,Turbidity,0,,,,,,
POD #2,CDU-01,WK 31 2026,28/07/2026,TDS,452.1,,,,,,
POD #2,CDU-01,WK 31 2026,28/07/2026,Total Suspended Solids,0,,,,,,
POD #2,CDU-02,WK 31 2026,28/07/2026,PH,8.69,,,,,,
POD #2,CDU-02,WK 31 2026,28/07/2026,ATP Bacteria,41,,,,,,
POD #2,CDU-02,WK 31 2026,28/07/2026,Conductivity,673.3,,,,,,
POD #2,CDU-02,WK 31 2026,28/07/2026,Turbidity,0,,,,,,
POD #2,CDU-02,WK 31 2026,28/07/2026,TDS,460.5,,,,,,
POD #2,CDU-02,WK 31 2026,28/07/2026,Total Suspended Solids,0,,,,,,
POD #2,CDU-03,WK 31 2026,28/07/2026,PH,9,,,,,,
POD #2,CDU-03,WK 31 2026,28/07/2026,ATP Bacteria,218,,,,,,
POD #2,CDU-03,WK 31 2026,28/07/2026,Conductivity,768.4,,,,,,
POD #2,CDU-03,WK 31 2026,28/07/2026,Turbidity,0,,,,,,
POD #2,CDU-03,WK 31 2026,28/07/2026,TDS,530.3,,,,,,
POD #2,CDU-03,WK 31 2026,28/07/2026,Total Suspended Solids,0,,,,,,
POD #2,CDU-04,WK 31 2026,28/07/2026,PH,8.72,,,,,,
POD #2,CDU-04,WK 31 2026,28/07/2026,ATP Bacteria,0,,,,,,
POD #2,CDU-04,WK 31 2026,28/07/2026,Conductivity,709.6,,,,,,
POD #2,CDU-04,WK 31 2026,28/07/2026,Turbidity,0,,,,,,
POD #2,CDU-04,WK 31 2026,28/07/2026,TDS,486.3,,,,,,
POD #2,CDU-04,WK 31 2026,28/07/2026,Total Suspended Solids,0,,,,,,
POD #3,CDU-01,WK 32 2026,04/08/2026,PH,8.76,,,,,,
POD #3,CDU-01,WK 32 2026,04/08/2026,ATP Bacteria,85,,,,,,
POD #3,CDU-01,WK 32 2026,04/08/2026,Conductivity,665.7,,,,,,
POD #3,CDU-01,WK 32 2026,04/08/2026,Turbidity,0,,,,,,
POD #3,CDU-01,WK 32 2026,04/08/2026,TDS,455.7,,,,,,
POD #3,CDU-01,WK 32 2026,04/08/2026,Total Suspended Solids,0,,,,,,
POD #3,CDU-02,WK 32 2026,04/08/2026,PH,8.63,,,,,,
POD #3,CDU-02,WK 32 2026,04/08/2026,ATP Bacteria,350,,,,,,
POD #3,CDU-02,WK 32 2026,04/08/2026,Conductivity,657.8,,,,,,
POD #3,CDU-02,WK 32 2026,04/08/2026,Turbidity,0,,,,,,
POD #3,CDU-02,WK 32 2026,04/08/2026,TDS,450.2,,,,,,
POD #3,CDU-02,WK 32 2026,04/08/2026,Total Suspended Solids,0,,,,,,
POD #3,CDU-03,WK 32 2026,04/08/2026,PH,8.58,,,,,,
POD #3,CDU-03,WK 32 2026,04/08/2026,ATP Bacteria,900,,,,,,
POD #3,CDU-03,WK 32 2026,04/08/2026,Conductivity,641.8,,,,,,
POD #3,CDU-03,WK 32 2026,04/08/2026,Turbidity,0,,,,,,
POD #3,CDU-03,WK 32 2026,04/08/2026,TDS,438.4,,,,,,
POD #3,CDU-03,WK 32 2026,04/08/2026,Total Suspended Solids,0,,,,,,
POD #3,CDU-05,WK 32 2026,04/08/2026,PH,8.68,,,,,,
POD #3,CDU-05,WK 32 2026,04/08/2026,ATP Bacteria,731,,,,,,
POD #3,CDU-05,WK 32 2026,04/08/2026,Conductivity,654.6,,,,,,
POD #3,CDU-05,WK 32 2026,04/08/2026,Turbidity,0,,,,,,
POD #3,CDU-05,WK 32 2026,04/08/2026,TDS,447.8,,,,,,
POD #3,CDU-05,WK 32 2026,04/08/2026,Total Suspended Solids,0,,,,,,
POD #3,CDU-06,WK 32 2026,04/08/2026,PH,8.62,,,,,,
POD #3,CDU-06,WK 32 2026,04/08/2026,ATP Bacteria,673,,,,,,
POD #3,CDU-06,WK 32 2026,04/08/2026,Conductivity,659.4,,,,,,
POD #3,CDU-06,WK 32 2026,04/08/2026,Turbidity,0,,,,,,
POD #3,CDU-06,WK 32 2026,04/08/2026,TDS,451,,,,,,
POD #3,CDU-06,WK 32 2026,04/08/2026,Total Suspended Solids,0,,,,,,
POD #2,CDU-01,WK 32 2026,04/08/2026,PH,8.58,,,,,,
POD #2,CDU-01,WK 32 2026,04/08/2026,ATP Bacteria,1770,,,,,,
POD #2,CDU-01,WK 32 2026,04/08/2026,Conductivity,654.3,,,,,,
POD #2,CDU-01,WK 32 2026,04/08/2026,Turbidity,0,,,,,,
POD #2,CDU-01,WK 32 2026,04/08/2026,TDS,446.3,,,,,,
POD #2,CDU-01,WK 32 2026,04/08/2026,Total Suspended Solids,0,,,,,,
POD #2,CDU-02,WK 32 2026,04/08/2026,PH,8.64,,,,,,
POD #2,CDU-02,WK 32 2026,04/08/2026,ATP Bacteria,184,,,,,,
POD #2,CDU-02,WK 32 2026,04/08/2026,Conductivity,652.6,,,,,,
POD #2,CDU-02,WK 32 2026,04/08/2026,Turbidity,0,,,,,,
POD #2,CDU-02,WK 32 2026,04/08/2026,TDS,445.6,,,,,,
POD #2,CDU-02,WK 32 2026,04/08/2026,Total Suspended Solids,0,,,,,,
POD #2,CDU-03,WK 32 2026,04/08/2026,PH,8.93,,,,,,
POD #2,CDU-03,WK 32 2026,04/08/2026,ATP Bacteria,383,,,,,,
POD #2,CDU-03,WK 32 2026,04/08/2026,Conductivity,768.8,,,,,,
POD #2,CDU-03,WK 32 2026,04/08/2026,Turbidity,0,,,,,,
POD #2,CDU-03,WK 32 2026,04/08/2026,TDS,529.9,,,,,,
POD #2,CDU-03,WK 32 2026,04/08/2026,Total Suspended Solids,0,,,,,,
POD #2,CDU-04,WK 32 2026,04/08/2026,PH,8.74,,,,,,
POD #2,CDU-04,WK 32 2026,04/08/2026,ATP Bacteria,1093,,,,,,
POD #2,CDU-04,WK 32 2026,04/08/2026,Conductivity,655.7,,,,,,
POD #2,CDU-04,WK 32 2026,04/08/2026,Turbidity,0,,,,,,
POD #2,CDU-04,WK 32 2026,04/08/2026,TDS,448.2,,,,,,
POD #2,CDU-04,WK 32 2026,04/08/2026,Total Suspended Solids,0,,,,,,
POD #3,CDU-01,WK 33 2026,11/08/2026,PH,8.66,,,,,,
POD #3,CDU-01,WK 33 2026,11/08/2026,ATP Bacteria,469,,,,,,
POD #3,CDU-01,WK 33 2026,11/08/2026,Conductivity,658.6,,,,,,
POD #3,CDU-01,WK 33 2026,11/08/2026,Turbidity,0,,,,,,
POD #3,CDU-01,WK 33 2026,11/08/2026,TDS,450.4,,,,,,
POD #3,CDU-01,WK 33 2026,11/08/2026,Total Suspended Solids,0,,,,,,
POD #3,CDU-02,WK 33 2026,11/08/2026,PH,8.6,,,,,,
POD #3,CDU-02,WK 33 2026,11/08/2026,ATP Bacteria,776,,,,,,
POD #3,CDU-02,WK 33 2026,11/08/2026,Conductivity,656.5,,,,,,
POD #3,CDU-02,WK 33 2026,11/08/2026,Turbidity,0,,,,,,
POD #3,CDU-02,WK 33 2026,11/08/2026,TDS,448.9,,,,,,
POD #3,CDU-02,WK 33 2026,11/08/2026,Total Suspended Solids,0,,,,,,
POD #3,CDU-03,WK 33 2026,11/08/2026,PH,8.58,,,,,,
POD #3,CDU-03,WK 33 2026,11/08/2026,ATP Bacteria,262,,,,,,
POD #3,CDU-03,WK 33 2026,11/08/2026,Conductivity,643.6,,,,,,
POD #3,CDU-03,WK 33 2026,11/08/2026,Turbidity,0,,,,,,
POD #3,CDU-03,WK 33 2026,11/08/2026,TDS,440,,,,,,
POD #3,CDU-03,WK 33 2026,11/08/2026,Total Suspended Solids,0,,,,,,
POD #3,CDU-05,WK 33 2026,11/08/2026,PH,8.65,,,,,,
POD #3,CDU-05,WK 33 2026,11/08/2026,ATP Bacteria,754,,,,,,
POD #3,CDU-05,WK 33 2026,11/08/2026,Conductivity,649.3,,,,,,
POD #3,CDU-05,WK 33 2026,11/08/2026,Turbidity,0,,,,,,
POD #3,CDU-05,WK 33 2026,11/08/2026,TDS,444,,,,,,
POD #3,CDU-05,WK 33 2026,11/08/2026,Total Suspended Solids,0,,,,,,
POD #3,CDU-06,WK 33 2026,11/08/2026,PH,8.6,,,,,,
POD #3,CDU-06,WK 33 2026,11/08/2026,ATP Bacteria,1193,,,,,,
POD #3,CDU-06,WK 33 2026,11/08/2026,Conductivity,654,,,,,,
POD #3,CDU-06,WK 33 2026,11/08/2026,Turbidity,0,,,,,,
POD #3,CDU-06,WK 33 2026,11/08/2026,TDS,447.2,,,,,,
POD #3,CDU-06,WK 33 2026,11/08/2026,Total Suspended Solids,0,,,,,,
POD #2,CDU-01,WK 33 2026,11/08/2026,PH,8.57,,,,,,
POD #2,CDU-01,WK 33 2026,11/08/2026,ATP Bacteria,624,,,,,,
POD #2,CDU-01,WK 33 2026,11/08/2026,Conductivity,651.8,,,,,,
POD #2,CDU-01,WK 33 2026,11/08/2026,Turbidity,0,,,,,,
POD #2,CDU-01,WK 33 2026,11/08/2026,TDS,445.5,,,,,,
POD #2,CDU-01,WK 33 2026,11/08/2026,Total Suspended Solids,0,,,,,,
POD #2,CDU-02,WK 33 2026,11/08/2026,PH,8.62,,,,,,
POD #2,CDU-02,WK 33 2026,11/08/2026,ATP Bacteria,40,,,,,,
POD #2,CDU-02,WK 33 2026,11/08/2026,Conductivity,651,,,,,,
POD #2,CDU-02,WK 33 2026,11/08/2026,Turbidity,0,,,,,,
POD #2,CDU-02,WK 33 2026,11/08/2026,TDS,445,,,,,,
POD #2,CDU-02,WK 33 2026,11/08/2026,Total Suspended Solids,0,,,,,,
POD #2,CDU-03,WK 33 2026,11/08/2026,PH,8.86,,,,,,
POD #2,CDU-03,WK 33 2026,11/08/2026,ATP Bacteria,346,,,,,,
POD #2,CDU-03,WK 33 2026,11/08/2026,Conductivity,762.3,,,,,,
POD #2,CDU-03,WK 33 2026,11/08/2026,Turbidity,0,,,,,,
POD #2,CDU-03,WK 33 2026,11/08/2026,TDS,524.4,,,,,,
POD #2,CDU-03,WK 33 2026,11/08/2026,Total Suspended Solids,0,,,,,,
POD #2,CDU-04,WK 33 2026,11/08/2026,PH,8.66,,,,,,
POD #2,CDU-04,WK 33 2026,11/08/2026,ATP Bacteria,883,,,,,,
POD #2,CDU-04,WK 33 2026,11/08/2026,Conductivity,650,,,,,,
POD #2,CDU-04,WK 33 2026,11/08/2026,Turbidity,0,,,,,,
POD #2,CDU-04,WK 33 2026,11/08/2026,TDS,444.4,,,,,,
POD #2,CDU-04,WK 33 2026,11/08/2026,Total Suspended Solids,0,,,,,,
POD #1,CDU-01,WK 33 2026,11/08/2026,PH,8.75,,,,,,
POD #1,CDU-01,WK 33 2026,11/08/2026,ATP Bacteria,200,,,,,,
POD #1,CDU-01,WK 33 2026,11/08/2026,Conductivity,576.2,,,,,,
POD #1,CDU-01,WK 33 2026,11/08/2026,Turbidity,0,,,,,,
POD #1,CDU-01,WK 33 2026,11/08/2026,TDS,391,,,,,,
POD #1,CDU-01,WK 33 2026,11/08/2026,Total Suspended Solids,0,,,,,,
POD #1,CDU-02,WK 33 2026,11/08/2026,PH,8.61,,,,,,
POD #1,CDU-02,WK 33 2026,11/08/2026,ATP Bacteria,54,,,,,,
POD #1,CDU-02,WK 33 2026,11/08/2026,Conductivity,632.7,,,,,,
POD #1,CDU-02,WK 33 2026,11/08/2026,Turbidity,0,,,,,,
POD #1,CDU-02,WK 33 2026,11/08/2026,TDS,432.1,,,,,,
POD #1,CDU-02,WK 33 2026,11/08/2026,Total Suspended Solids,0,,,,,,
POD #1,CDU-03,WK 33 2026,11/08/2026,PH,8.89,,,,,,
POD #1,CDU-03,WK 33 2026,11/08/2026,ATP Bacteria,9,,,,,,
POD #1,CDU-03,WK 33 2026,11/08/2026,Conductivity,639.2,,,,,,
POD #1,CDU-03,WK 33 2026,11/08/2026,Turbidity,0,,,,,,
POD #1,CDU-03,WK 33 2026,11/08/2026,TDS,436.6,,,,,,
POD #1,CDU-03,WK 33 2026,11/08/2026,Total Suspended Solids,0,,,,,,
POD #1,CDU-04,WK 33 2026,11/08/2026,PH,8.8,,,,,,
POD #1,CDU-04,WK 33 2026,11/08/2026,ATP Bacteria,633,,,,,,
POD #1,CDU-04,WK 33 2026,11/08/2026,Conductivity,605.9,,,,,,
POD #1,CDU-04,WK 33 2026,11/08/2026,Turbidity,0,,,,,,
POD #1,CDU-04,WK 33 2026,11/08/2026,TDS,413.2,,,,,,
POD #1,CDU-04,WK 33 2026,11/08/2026,Total Suspended Solids,0,,,,,,
